,code_insee,nom_standard,nom_sans_pronom,nom_a,nom_de,nom_sans_accent,nom_standard_majuscule,typecom,typecom_texte,reg_code,reg_nom,dep_code,dep_nom,canton_code,canton_nom,epci_code,epci_nom,academie_code,academie_nom,code_postal,codes_postaux,zone_emploi,code_insee_centre_zone_emploi,code_unite_urbaine,nom_unite_urbaine,taille_unite_urbaine,type_commune_unite_urbaine,statut_commune_unite_urbaine,population,superficie_hectare,superficie_km2,densite,altitude_moyenne,altitude_minimale,altitude_maximale,latitude_mairie,longitude_mairie,latitude_centre,longitude_centre,grille_densite,grille_densite_texte,niveau_equipements_services,niveau_equipements_services_texte,gentile,url_wikipedia,url_villedereve
1867,06001,Aiglun,Aiglun,à Aiglun,d'Aiglun,aiglun,AIGLUN,COM,commune,93,Provence-Alpes-Côte d'Azur,06,Alpes-Maritimes,0626,Vence,200039931,CC Alpes d'Azur,23,Nice,06910,06910,09315,06088,06000,,0.0,HORS UNITE URBAINE,H,93,1543,15,6.0,840,373.0,1541.0,43.858,6.915,43.852,6.935,7,Rural à habitat très dispersé,0.0,communes non pôle,Aiglenois,https://fr.wikipedia.org/wiki/fr:Aiglun (Alpes-Maritimes),https://villedereve.fr/ville/06001-aiglun
1868,06002,Amirat,Amirat,à Amirat,d'Amirat,amirat,AMIRAT,COM,commune,93,Provence-Alpes-Côte d'Azur,06,Alpes-Maritimes,0611,Grasse-1,200039857,CA du Pays de Grasse,23,Nice,06910,06910,09304,06029,06000,,0.0,HORS UNITE URBAINE,H,51,1293,13,4.0,1030,725.0,1373.0,43.89,6.826,43.896,6.813,7,Rural à habitat très dispersé,0.0,communes non pôle,Amiratois,https://fr.wikipedia.org/wiki/fr:Amirat,https://villedereve.fr/ville/06002-amirat
1869,06003,Andon,Andon,à Andon,d'Andon,andon,ANDON,COM,commune,93,Provence-Alpes-Côte d'Azur,06,Alpes-Maritimes,0611,Grasse-1,200039857,CA du Pays de Grasse,23,Nice,06750,06750,09304,06029,06000,,0.0,HORS UNITE URBAINE,H,640,5428,54,12.0,1253,911.0,1649.0,43.773,6.786,43.777,6.823,6,Rural à habitat dispersé,1.0,centres locaux d'équipements et de services,Andonnais-Thorencois,https://fr.wikipedia.org/wiki/fr:Andon (Alpes-Maritimes),https://villedereve.fr/ville/06003-andon
1870,06004,Antibes,Antibes,à Antibes,d'Antibes,antibes,ANTIBES,COM,commune,93,Provence-Alpes-Côte d'Azur,06,Alpes-Maritimes,0694,Antibes,240600585,CA de Sophia Antipolis,23,Nice,06160,"06901, 06632, 06161, 06631, 06160, 06605, 06600, 06299, 06606, 06162, 06603, 06633, 06904, 06602, 06164, 06601, 06903",09304,06029,06701,Nice,7.0,UNITE URBAINE,B,75130,2699,27,2784.0,44,0.0,163.0,43.581,7.128,43.588,7.106,1,Grands centres urbains,3.0,centres structurants d'équipements et de services,Antibois,https://fr.wikipedia.org/wiki/fr:Antibes,https://villedereve.fr/ville/06004-antibes
1871,06005,Ascros,Ascros,à Ascros,d'Ascros,ascros,ASCROS,COM,commune,93,Provence-Alpes-Côte d'Azur,06,Alpes-Maritimes,0626,Vence,200039931,CC Alpes d'Azur,23,Nice,06260,06260,09315,06088,06000,,0.0,HORS UNITE URBAINE,H,178,1748,17,10.0,997,600.0,1449.0,43.921,7.014,43.919,7.016,7,Rural à habitat très dispersé,0.0,communes non pôle,Ascrossois,https://fr.wikipedia.org/wiki/fr:Ascros,https://villedereve.fr/ville/06005-ascros
1872,06006,Aspremont,Aspremont,à Aspremont,d'Aspremont,aspremont,ASPREMONT,COM,commune,93,Provence-Alpes-Côte d'Azur,06,Alpes-Maritimes,0624,Tourrette-Levens,200030195,Métropole Nice Côte d'Azur,23,Nice,06790,06790,09315,06088,06701,Nice,7.0,UNITE URBAINE,B,2300,924,9,249.0,493,100.0,855.0,43.785,7.244,43.775,7.245,4,Ceintures urbaines,1.0,centres locaux d'équipements et de services,Aspremontois,https://fr.wikipedia.org/wiki/fr:Aspremont (Alpes-Maritimes),https://villedereve.fr/ville/06006-aspremont
1873,06007,Auribeau-sur-Siagne,Auribeau-sur-Siagne,à Auribeau-sur-Siagne,d'Auribeau-sur-Siagne,auribeau-sur-siagne,AURIBEAU-SUR-SIAGNE,COM,commune,93,Provence-Alpes-Côte d'Azur,06,Alpes-Maritimes,0613,Mandelieu-la-Napoule,200039857,CA du Pays de Grasse,23,Nice,06810,06810,09304,06029,06701,Nice,7.0,UNITE URBAINE,B,3251,527,5,617.0,108,12.0,302.0,43.6,6.911,43.612,6.912,4,Ceintures urbaines,1.0,centres locaux d'équipements et de services,Auribellois,https://fr.wikipedia.org/wiki/fr:Auribeau-sur-Siagne,https://villedereve.fr/ville/06007-auribeau-sur-siagne
1874,06008,Auvare,Auvare,à Auvare,d'Auvare,auvare,AUVARE,COM,commune,93,Provence-Alpes-Côte d'Azur,06,Alpes-Maritimes,0626,Vence,200039931,CC Alpes d'Azur,23,Nice,06260,06260,09315,06088,06000,,0.0,HORS UNITE URBAINE,H,44,1795,18,2.0,1412,479.0,2133.0,43.988,6.908,44.007,6.915,7,Rural à habitat très dispersé,0.0,communes non pôle,Auvarois,https://fr.wikipedia.org/wiki/fr:Auvare,https://villedereve.fr/ville/06008-auvare
1875,06009,Bairols,Bairols,à Bairols,de Bairols,bairols,BAIROLS,COM,commune,93,Provence-Alpes-Côte d'Azur,06,Alpes-Maritimes,0626,Vence,200030195,Métropole Nice Côte d'Azur,23,Nice,06420,06420,09315,06088,06000,,0.0,HORS UNITE URBAINE,H,124,1503,15,8.0,956,280.0,1803.0,43.983,7.126,43.987,7.12,7,Rural à habitat très dispersé,0.0,communes non pôle,Bairolois,https://fr.wikipedia.org/wiki/fr:Bairols,https://villedereve.fr/ville/06009-bairols
1876,06010,Le Bar-sur-Loup,Bar-sur-Loup,au Bar-sur-Loup,du Bar-sur-Loup,le-bar-sur-loup,LE BAR-SUR-LOUP,COM,commune,93,Provence-Alpes-Côte d'Azur,06,Alpes-Maritimes,0625,Valbonne,240600585,CA de Sophia Antipolis,23,Nice,06620,06620,09304,06029,06701,Nice,7.0,UNITE URBAINE,B,2947,1446,14,204.0,615,100.0,1312.0,43.702,6.989,43.699,6.963,4,Ceintures urbaines,1.0,centres locaux d'équipements et de services,Aubarnais ou Barois,https://fr.wikipedia.org/wiki/fr:Le Bar-sur-Loup,https://villedereve.fr/ville/06010-le-bar-sur-loup
1877,06011,Beaulieu-sur-Mer,Beaulieu-sur-Mer,à Beaulieu-sur-Mer,de Beaulieu-sur-Mer,beaulieu-sur-mer,BEAULIEU-SUR-MER,COM,commune,93,Provence-Alpes-Côte d'Azur,06,Alpes-Maritimes,0604,Beausoleil,200030195,Métropole Nice Côte d'Azur,23,Nice,06310,"06311, 06310",09315,06088,06701,Nice,7.0,UNITE URBAINE,B,3796,108,1,3515.0,36,0.0,189.0,43.707,7.335,43.708,7.333,4,Ceintures urbaines,2.0,centres intermédiaires d'équipements et de services,Berlugans,https://fr.wikipedia.org/wiki/fr:Beaulieu-sur-Mer,https://villedereve.fr/ville/06011-beaulieu-sur-mer
1878,06012,Beausoleil,Beausoleil,à Beausoleil,de Beausoleil,beausoleil,BEAUSOLEIL,COM,commune,93,Provence-Alpes-Côte d'Azur,06,Alpes-Maritimes,0604,Beausoleil,240600551,CA de la Riviera Française,23,Nice,06240,06240,09314,06083,06501,Menton-Monaco (partie française),5.0,UNITE URBAINE,B,12674,280,3,4526.0,242,40.0,621.0,43.744,7.426,43.748,7.422,2,Centres urbains intermédiaires,3.0,centres structurants d'équipements et de services,Beausoleillois,https://fr.wikipedia.org/wiki/fr:Beausoleil (Alpes-Maritimes),https://villedereve.fr/ville/06012-beausoleil
1879,06013,Belvédère,Belvédère,à Belvédère,de Belvédère,belvedere,BELVÉDÈRE,COM,commune,93,Provence-Alpes-Côte d'Azur,06,Alpes-Maritimes,0624,Tourrette-Levens,200030195,Métropole Nice Côte d'Azur,23,Nice,06450,06450,09315,06088,06104,Roquebillière,1.0,UNITE URBAINE,B,627,7561,76,8.0,1866,575.0,3080.0,44.015,7.32,44.056,7.374,5,Bourgs ruraux,1.0,centres locaux d'équipements et de services,Belvédérois,https://fr.wikipedia.org/wiki/fr:Belvédère (Alpes-Maritimes),https://villedereve.fr/ville/06013-belvedere
1880,06014,Bendejun,Bendejun,à Bendejun,de Bendejun,bendejun,BENDEJUN,COM,commune,93,Provence-Alpes-Côte d'Azur,06,Alpes-Maritimes,0610,Contes,240600593,CC du Pays des Paillons,23,Nice,06390,06390,09315,06088,06000,,0.0,HORS UNITE URBAINE,H,950,631,6,151.0,648,240.0,1100.0,43.836,7.295,43.83,7.284,5,Bourgs ruraux,1.0,centres locaux d'équipements et de services,Bendejunois,https://fr.wikipedia.org/wiki/fr:Bendejun,https://villedereve.fr/ville/06014-bendejun
1881,06015,Berre-les-Alpes,Berre-les-Alpes,à Berre-les-Alpes,de Berre-les-Alpes,berre-les-alpes,BERRE-LES-ALPES,COM,commune,93,Provence-Alpes-Côte d'Azur,06,Alpes-Maritimes,0610,Contes,240600593,CC du Pays des Paillons,23,Nice,06390,06390,09315,06088,06701,Nice,7.0,UNITE URBAINE,B,1227,951,10,129.0,544,237.0,816.0,43.83,7.327,43.838,7.331,3,Petites villes,1.0,centres locaux d'équipements et de services,Berrois,https://fr.wikipedia.org/wiki/fr:Berre-les-Alpes,https://villedereve.fr/ville/06015-berre-les-alpes
1882,06016,Beuil,Beuil,à Beuil,de Beuil,beuil,BEUIL,COM,commune,93,Provence-Alpes-Côte d'Azur,06,Alpes-Maritimes,0626,Vence,200039931,CC Alpes d'Azur,23,Nice,06470,06470,09315,06088,06000,,0.0,HORS UNITE URBAINE,H,553,7451,75,7.0,1793,1040.0,2815.0,44.095,6.99,44.108,6.972,6,Rural à habitat dispersé,1.0,centres locaux d'équipements et de services,Beuillois,https://fr.wikipedia.org/wiki/fr:Beuil,https://villedereve.fr/ville/06016-beuil
1883,06017,Bézaudun-les-Alpes,Bézaudun-les-Alpes,à Bézaudun-les-Alpes,de Bézaudun-les-Alpes,bezaudun-les-alpes,BÉZAUDUN-LES-ALPES,COM,commune,93,Provence-Alpes-Côte d'Azur,06,Alpes-Maritimes,0626,Vence,240600585,CA de Sophia Antipolis,23,Nice,06510,06510,09315,06088,06000,,0.0,HORS UNITE URBAINE,H,258,2154,22,12.0,955,560.0,1340.0,43.808,7.097,43.804,7.094,6,Rural à habitat dispersé,0.0,communes non pôle,Bézaudunois,https://fr.wikipedia.org/wiki/fr:Bézaudun-les-Alpes,https://villedereve.fr/ville/06017-bezaudun-les-alpes
1884,06018,Biot,Biot,à Biot,de Biot,biot,BIOT,COM,commune,93,Provence-Alpes-Côte d'Azur,06,Alpes-Maritimes,0603,Antibes-3,240600585,CA de Sophia Antipolis,23,Nice,06410,"06921, 06903, 06905, 06410, 06906, 06901, 06902",09304,06029,06701,Nice,7.0,UNITE URBAINE,B,9880,1550,16,637.0,97,9.0,208.0,43.628,7.096,43.628,7.083,4,Ceintures urbaines,2.0,centres intermédiaires d'équipements et de services,Biotois,https://fr.wikipedia.org/wiki/fr:Biot (Alpes-Maritimes),https://villedereve.fr/ville/06018-biot
1885,06019,Blausasc,Blausasc,à Blausasc,de Blausasc,blausasc,BLAUSASC,COM,commune,93,Provence-Alpes-Côte d'Azur,06,Alpes-Maritimes,0610,Contes,240600593,CC du Pays des Paillons,23,Nice,06440,06440,09315,06088,06000,,0.0,HORS UNITE URBAINE,H,1659,1014,10,164.0,293,108.0,661.0,43.806,7.363,43.794,7.36,6,Rural à habitat dispersé,1.0,centres locaux d'équipements et de services,Blausascois,https://fr.wikipedia.org/wiki/fr:Blausasc,https://villedereve.fr/ville/06019-blausasc
1886,06020,La Bollène-Vésubie,Bollène-Vésubie,à Bollène-Vésubie,de la Bollène-Vésubie,la-bollene-vesubie,LA BOLLÈNE-VÉSUBIE,COM,commune,93,Provence-Alpes-Côte d'Azur,06,Alpes-Maritimes,0624,Tourrette-Levens,200030195,Métropole Nice Côte d'Azur,23,Nice,06450,06450,09315,06088,06104,Roquebillière,1.0,UNITE URBAINE,B,626,3533,35,18.0,1283,465.0,2122.0,43.991,7.332,43.995,7.372,6,Rural à habitat dispersé,1.0,centres locaux d'équipements et de services,Bollénois,https://fr.wikipedia.org/wiki/fr:La Bollène-Vésubie,https://villedereve.fr/ville/06020-la-bollene-vesubie
1887,06021,Bonson,Bonson,à Bonson,de Bonson,bonson,BONSON,COM,commune,93,Provence-Alpes-Côte d'Azur,06,Alpes-Maritimes,0626,Vence,200030195,Métropole Nice Côte d'Azur,23,Nice,06830,06830,09315,06088,06000,,0.0,HORS UNITE URBAINE,H,716,665,7,108.0,449,119.0,841.0,43.863,7.189,43.862,7.183,6,Rural à habitat dispersé,0.0,communes non pôle,Bonsonnois,https://fr.wikipedia.org/wiki/fr:Bonson (Alpes-Maritimes),https://villedereve.fr/ville/06021-bonson
1888,06022,Bouyon,Bouyon,à Bouyon,de Bouyon,bouyon,BOUYON,COM,commune,93,Provence-Alpes-Côte d'Azur,06,Alpes-Maritimes,0626,Vence,240600585,CA de Sophia Antipolis,23,Nice,06510,06510,09315,06088,06000,,0.0,HORS UNITE URBAINE,H,543,1244,12,44.0,657,159.0,1260.0,43.825,7.123,43.825,7.126,6,Rural à habitat dispersé,0.0,communes non pôle,Bouyonnais,https://fr.wikipedia.org/wiki/fr:Bouyon,https://villedereve.fr/ville/06022-bouyon
1889,06023,Breil-sur-Roya,Breil-sur-Roya,à Breil-sur-Roya,de Breil-sur-Roya,breil-sur-roya,BREIL-SUR-ROYA,COM,commune,93,Provence-Alpes-Côte d'Azur,06,Alpes-Maritimes,0610,Contes,240600551,CA de la Riviera Française,23,Nice,06540,06540,09314,06083,06101,Breil-sur-Roya,1.0,UNITE URBAINE,I,2206,8160,82,27.0,933,151.0,2080.0,43.937,7.514,43.94,7.504,5,Bourgs ruraux,2.0,centres intermédiaires d'équipements et de services,Breillois,https://fr.wikipedia.org/wiki/fr:Breil-sur-Roya,https://villedereve.fr/ville/06023-breil-sur-roya
1890,06024,Briançonnet,Briançonnet,à Briançonnet,de Briançonnet,brianconnet,BRIANÇONNET,COM,commune,93,Provence-Alpes-Côte d'Azur,06,Alpes-Maritimes,0611,Grasse-1,200039857,CA du Pays de Grasse,23,Nice,06850,06850,09304,06029,06000,,0.0,HORS UNITE URBAINE,H,184,2466,25,7.0,1093,740.0,1600.0,43.864,6.758,43.865,6.745,7,Rural à habitat très dispersé,0.0,communes non pôle,Briançonnois ou Briançonnards,https://fr.wikipedia.org/wiki/fr:Briançonnet,https://villedereve.fr/ville/06024-brianconnet
1891,06025,Le Broc,Broc,au Broc,du Broc,le-broc,LE BROC,COM,commune,93,Provence-Alpes-Côte d'Azur,06,Alpes-Maritimes,0617,Nice-3,200030195,Métropole Nice Côte d'Azur,23,Nice,06510,"06510, 06517",09315,06088,06000,,0.0,HORS UNITE URBAINE,H,1422,1871,19,76.0,506,91.0,1024.0,43.808,7.17,43.815,7.159,5,Bourgs ruraux,1.0,centres locaux d'équipements et de services,Brocois,https://fr.wikipedia.org/wiki/fr:Le Broc (Alpes-Maritimes),https://villedereve.fr/ville/06025-le-broc
1892,06026,Cabris,Cabris,à Cabris,de Cabris,cabris,CABRIS,COM,commune,93,Provence-Alpes-Côte d'Azur,06,Alpes-Maritimes,0611,Grasse-1,200039857,CA du Pays de Grasse,23,Nice,06530,06530,09304,06029,06701,Nice,7.0,UNITE URBAINE,B,1393,540,5,258.0,540,240.0,762.0,43.656,6.876,43.66,6.878,4,Ceintures urbaines,1.0,centres locaux d'équipements et de services,Cabriencs,https://fr.wikipedia.org/wiki/fr:Cabris,https://villedereve.fr/ville/06026-cabris
1893,06027,Cagnes-sur-Mer,Cagnes-sur-Mer,à Cagnes-sur-Mer,de Cagnes-sur-Mer,cagnes-sur-mer,CAGNES-SUR-MER,COM,commune,93,Provence-Alpes-Côte d'Azur,06,Alpes-Maritimes,0695,Cagnes-sur-Mer,200030195,Métropole Nice Côte d'Azur,23,Nice,06800,"06804, 06800, 06802, 06803, 06808, 06805, 06801",09315,06088,06701,Nice,7.0,UNITE URBAINE,B,52580,1821,18,2887.0,64,0.0,187.0,43.664,7.149,43.672,7.153,1,Grands centres urbains,3.0,centres structurants d'équipements et de services,Cagnois,https://fr.wikipedia.org/wiki/fr:Cagnes-sur-Mer,https://villedereve.fr/ville/06027-cagnes-sur-mer
1894,06028,Caille,Caille,à Caille,de Caille,caille,CAILLE,COM,commune,93,Provence-Alpes-Côte d'Azur,06,Alpes-Maritimes,0611,Grasse-1,200039857,CA du Pays de Grasse,23,Nice,06750,06750,09304,06029,06000,,0.0,HORS UNITE URBAINE,H,403,1700,17,24.0,1314,1122.0,1644.0,43.779,6.73,43.769,6.757,7,Rural à habitat très dispersé,1.0,centres locaux d'équipements et de services,Caillois,https://fr.wikipedia.org/wiki/fr:Caille (Alpes-Maritimes),https://villedereve.fr/ville/06028-caille
1895,06029,Cannes,Cannes,à Cannes,de Cannes,cannes,CANNES,COM,commune,93,Provence-Alpes-Côte d'Azur,06,Alpes-Maritimes,0696,Cannes,200039915,CA Cannes Pays de Lérins,23,Nice,06150,"06322, 06151, 06400, 06156, 06406, 06404, 06408, 06150, 06407, 06402, 06152, 06153, 06405, 06401, 06414, 06403",09304,06029,06701,Nice,7.0,UNITE URBAINE,B,73255,2099,21,3490.0,41,0.0,260.0,43.551,7.013,43.553,7.004,1,Grands centres urbains,4.0,centres majeurs d'équipements et de services,Cannois,https://fr.wikipedia.org/wiki/fr:Cannes,https://villedereve.fr/ville/06029-cannes
1896,06030,Le Cannet,Cannet,au Cannet,du Cannet,le-cannet,LE CANNET,COM,commune,93,Provence-Alpes-Côte d'Azur,06,Alpes-Maritimes,0697,Le Cannet,200039915,CA Cannes Pays de Lérins,23,Nice,06110,"06113, 06116, 06111, 06121, 06117, 06115, 06110, 06114",09304,06029,06701,Nice,7.0,UNITE URBAINE,B,41597,768,8,5416.0,102,12.0,285.0,43.577,7.019,43.573,7.006,1,Grands centres urbains,3.0,centres structurants d'équipements et de services,Cannettans,https://fr.wikipedia.org/wiki/fr:Le Cannet,https://villedereve.fr/ville/06030-le-cannet
1897,06031,Cantaron,Cantaron,à Cantaron,de Cantaron,cantaron,CANTARON,COM,commune,93,Provence-Alpes-Côte d'Azur,06,Alpes-Maritimes,0610,Contes,240600593,CC du Pays des Paillons,23,Nice,06340,"06348, 06340",09315,06088,06701,Nice,7.0,UNITE URBAINE,B,1285,730,7,176.0,380,90.0,780.0,43.762,7.318,43.771,7.313,4,Ceintures urbaines,1.0,centres locaux d'équipements et de services,Cantaronnais,https://fr.wikipedia.org/wiki/fr:Cantaron,https://villedereve.fr/ville/06031-cantaron
1898,06032,Cap-d'Ail,Cap-d'Ail,à Cap-d'Ail,de Cap-d'Ail,cap-d-ail,CAP-D'AIL,COM,commune,93,Provence-Alpes-Côte d'Azur,06,Alpes-Maritimes,0604,Beausoleil,200030195,Métropole Nice Côte d'Azur,23,Nice,06320,06320,09314,06083,06501,Menton-Monaco (partie française),5.0,UNITE URBAINE,B,4508,220,2,2049.0,139,0.0,540.0,43.722,7.407,43.725,7.402,4,Ceintures urbaines,2.0,centres intermédiaires d'équipements et de services,Cap-d'Aillois,https://fr.wikipedia.org/wiki/fr:Cap-d'Ail,https://villedereve.fr/ville/06032-cap-d-ail
1899,06033,Carros,Carros,à Carros,de Carros,carros,CARROS,COM,commune,93,Provence-Alpes-Côte d'Azur,06,Alpes-Maritimes,0617,Nice-3,200030195,Métropole Nice Côte d'Azur,23,Nice,06510,"06513, 06510, 06516, 06517, 06515, 06514, 06511",09315,06088,06701,Nice,7.0,UNITE URBAINE,B,13277,1545,15,859.0,367,63.0,945.0,43.773,7.192,43.785,7.184,2,Centres urbains intermédiaires,3.0,centres structurants d'équipements et de services,Carrossois,https://fr.wikipedia.org/wiki/fr:Carros,https://villedereve.fr/ville/06033-carros
1900,06034,Castagniers,Castagniers,à Castagniers,de Castagniers,castagniers,CASTAGNIERS,COM,commune,93,Provence-Alpes-Côte d'Azur,06,Alpes-Maritimes,0624,Tourrette-Levens,200030195,Métropole Nice Côte d'Azur,23,Nice,06670,06670,09315,06088,06701,Nice,7.0,UNITE URBAINE,B,1687,697,7,242.0,319,68.0,881.0,43.791,7.231,43.792,7.228,6,Rural à habitat dispersé,1.0,centres locaux d'équipements et de services,Castagnérenques,https://fr.wikipedia.org/wiki/fr:Castagniers,https://villedereve.fr/ville/06034-castagniers
1901,06035,Castellar,Castellar,à Castellar,de Castellar,castellar,CASTELLAR,COM,commune,93,Provence-Alpes-Côte d'Azur,06,Alpes-Maritimes,0614,Menton,240600551,CA de la Riviera Française,23,Nice,06500,06500,09314,06083,06501,Menton-Monaco (partie française),5.0,UNITE URBAINE,B,1087,1223,12,89.0,684,100.0,1382.0,43.803,7.497,43.822,7.499,4,Ceintures urbaines,1.0,centres locaux d'équipements et de services,Castellarois,https://fr.wikipedia.org/wiki/fr:Castellar (Alpes-Maritimes),https://villedereve.fr/ville/06035-castellar
1902,06036,Castillon,Castillon,à Castillon,de Castillon,castillon,CASTILLON,COM,commune,93,Provence-Alpes-Côte d'Azur,06,Alpes-Maritimes,0614,Menton,240600551,CA de la Riviera Française,23,Nice,06500,06500,09314,06083,06000,,0.0,HORS UNITE URBAINE,H,420,754,8,56.0,771,275.0,1289.0,43.834,7.473,43.836,7.465,6,Rural à habitat dispersé,0.0,communes non pôle,Castillonnais,https://fr.wikipedia.org/wiki/fr:Castillon (Alpes-Maritimes),https://villedereve.fr/ville/06036-castillon
1903,06037,Caussols,Caussols,à Caussols,de Caussols,caussols,CAUSSOLS,COM,commune,93,Provence-Alpes-Côte d'Azur,06,Alpes-Maritimes,0625,Valbonne,240600585,CA de Sophia Antipolis,23,Nice,06460,06460,09304,06029,06000,,0.0,HORS UNITE URBAINE,H,312,2761,28,11.0,1168,895.0,1458.0,43.741,6.9,43.737,6.902,6,Rural à habitat dispersé,0.0,communes non pôle,Caussolois,https://fr.wikipedia.org/wiki/fr:Caussols,https://villedereve.fr/ville/06037-caussols
1904,06038,Châteauneuf-Grasse,Châteauneuf-Grasse,à Châteauneuf-Grasse,de Châteauneuf-Grasse,chateauneuf-grasse,CHÂTEAUNEUF-GRASSE,COM,commune,93,Provence-Alpes-Côte d'Azur,06,Alpes-Maritimes,0625,Valbonne,240600585,CA de Sophia Antipolis,23,Nice,06740,06740,09304,06029,06701,Nice,7.0,UNITE URBAINE,B,3716,908,9,409.0,318,221.0,658.0,43.675,6.975,43.666,6.979,4,Ceintures urbaines,2.0,centres intermédiaires d'équipements et de services,Châteauneuvois (ou Castelnevois),https://fr.wikipedia.org/wiki/fr:Châteauneuf-Grasse,https://villedereve.fr/ville/06038-chateauneuf-grasse
1905,06039,Châteauneuf-Villevieille,Châteauneuf-Villevieille,à Châteauneuf-Villevieille,de Châteauneuf-Villevieille,chateauneuf-villevieille,CHÂTEAUNEUF-VILLEVIEILLE,COM,commune,93,Provence-Alpes-Côte d'Azur,06,Alpes-Maritimes,0610,Contes,200030195,Métropole Nice Côte d'Azur,23,Nice,06390,"06392, 06390",09315,06088,06701,Nice,7.0,UNITE URBAINE,B,971,843,8,115.0,602,234.0,901.0,43.809,7.296,43.8,7.294,6,Rural à habitat dispersé,0.0,communes non pôle,Madonencs,https://fr.wikipedia.org/wiki/fr:Châteauneuf-Villevieille,https://villedereve.fr/ville/06039-chateauneuf-villevieille
1906,06040,Châteauneuf-d'Entraunes,Châteauneuf-d'Entraunes,à Châteauneuf-d'Entraunes,de Châteauneuf-d'Entraunes,chateauneuf-d-entraunes,CHÂTEAUNEUF-D'ENTRAUNES,COM,commune,93,Provence-Alpes-Côte d'Azur,06,Alpes-Maritimes,0626,Vence,200039931,CC Alpes d'Azur,23,Nice,06470,06470,09315,06088,06000,,0.0,HORS UNITE URBAINE,H,63,2944,29,2.0,1742,880.0,2813.0,44.128,6.832,44.164,6.835,7,Rural à habitat très dispersé,0.0,communes non pôle,,https://fr.wikipedia.org/wiki/fr:Châteauneuf-d'Entraunes,https://villedereve.fr/ville/06040-chateauneuf-d-entraunes
1907,06041,Cipières,Cipières,à Cipières,de Cipières,cipieres,CIPIÈRES,COM,commune,93,Provence-Alpes-Côte d'Azur,06,Alpes-Maritimes,0625,Valbonne,240600585,CA de Sophia Antipolis,23,Nice,06620,06620,09304,06029,06000,,0.0,HORS UNITE URBAINE,H,400,3834,38,10.0,1044,459.0,1381.0,43.783,6.956,43.77,6.928,6,Rural à habitat dispersé,0.0,communes non pôle,Cipiérois,https://fr.wikipedia.org/wiki/fr:Cipières,https://villedereve.fr/ville/06041-cipieres
1908,06042,Clans,Clans,à Clans,de Clans,clans,CLANS,COM,commune,93,Provence-Alpes-Côte d'Azur,06,Alpes-Maritimes,0624,Tourrette-Levens,200030195,Métropole Nice Côte d'Azur,23,Nice,06420,06420,09315,06088,06000,,0.0,HORS UNITE URBAINE,H,673,3773,38,18.0,1120,264.0,2082.0,43.995,7.147,44.005,7.179,6,Rural à habitat dispersé,1.0,centres locaux d'équipements et de services,Clansois,https://fr.wikipedia.org/wiki/fr:Clans (Alpes-Maritimes),https://villedereve.fr/ville/06042-clans
1909,06043,Coaraze,Coaraze,à Coaraze,de Coaraze,coaraze,COARAZE,COM,commune,93,Provence-Alpes-Côte d'Azur,06,Alpes-Maritimes,0610,Contes,240600593,CC du Pays des Paillons,23,Nice,06390,06390,09315,06088,06000,,0.0,HORS UNITE URBAINE,H,817,1701,17,48.0,689,313.0,1414.0,43.864,7.294,43.866,7.299,6,Rural à habitat dispersé,0.0,communes non pôle,Coaraziens,https://fr.wikipedia.org/wiki/fr:Coaraze,https://villedereve.fr/ville/06043-coaraze
1910,06044,La Colle-sur-Loup,Colle-sur-Loup,à Colle-sur-Loup,de la Colle-sur-Loup,la-colle-sur-loup,LA COLLE-SUR-LOUP,COM,commune,93,Provence-Alpes-Côte d'Azur,06,Alpes-Maritimes,0627,Villeneuve-Loubet,240600585,CA de Sophia Antipolis,23,Nice,06480,06480,09315,06088,06701,Nice,7.0,UNITE URBAINE,B,8084,982,10,823.0,138,10.0,351.0,43.687,7.104,43.687,7.098,2,Centres urbains intermédiaires,2.0,centres intermédiaires d'équipements et de services,Collois,https://fr.wikipedia.org/wiki/fr:La Colle-sur-Loup,https://villedereve.fr/ville/06044-la-colle-sur-loup
1911,06045,Collongues,Collongues,à Collongues,de Collongues,collongues,COLLONGUES,COM,commune,93,Provence-Alpes-Côte d'Azur,06,Alpes-Maritimes,0611,Grasse-1,200039857,CA du Pays de Grasse,23,Nice,06910,06910,09315,06088,06000,,0.0,HORS UNITE URBAINE,H,76,1081,11,7.0,749,574.0,1200.0,43.889,6.863,43.894,6.864,7,Rural à habitat très dispersé,0.0,communes non pôle,Collonguois,https://fr.wikipedia.org/wiki/fr:Collongues (Alpes-Maritimes),https://villedereve.fr/ville/06045-collongues
1912,06046,Colomars,Colomars,à Colomars,de Colomars,colomars,COLOMARS,COM,commune,93,Provence-Alpes-Côte d'Azur,06,Alpes-Maritimes,0624,Tourrette-Levens,200030195,Métropole Nice Côte d'Azur,23,Nice,06670,06670,09315,06088,06701,Nice,7.0,UNITE URBAINE,B,3487,627,6,556.0,242,57.0,402.0,43.764,7.222,43.759,7.223,4,Ceintures urbaines,1.0,centres locaux d'équipements et de services,Colomarsois,https://fr.wikipedia.org/wiki/fr:Colomars,https://villedereve.fr/ville/06046-colomars
1913,06047,Conségudes,Conségudes,à Conségudes,de Conségudes,consegudes,CONSÉGUDES,COM,commune,93,Provence-Alpes-Côte d'Azur,06,Alpes-Maritimes,0626,Vence,240600585,CA de Sophia Antipolis,23,Nice,06510,06510,09315,06088,06000,,0.0,HORS UNITE URBAINE,H,94,1261,13,7.0,753,256.0,1464.0,43.844,7.047,43.841,7.045,6,Rural à habitat dispersé,0.0,communes non pôle,Conségudois,https://fr.wikipedia.org/wiki/fr:Conségudes,https://villedereve.fr/ville/06047-consegudes
1914,06048,Contes,Contes,à Contes,de Contes,contes,CONTES,COM,commune,93,Provence-Alpes-Côte d'Azur,06,Alpes-Maritimes,0610,Contes,240600593,CC du Pays des Paillons,23,Nice,06390,"06391, 06392, 06390",09315,06088,06701,Nice,7.0,UNITE URBAINE,B,7544,1950,20,387.0,311,123.0,642.0,43.812,7.314,43.809,7.324,3,Petites villes,2.0,centres intermédiaires d'équipements et de services,Contois,https://fr.wikipedia.org/wiki/fr:Contes (Alpes-Maritimes),https://villedereve.fr/ville/06048-contes
1915,06049,Courmes,Courmes,à Courmes,de Courmes,courmes,COURMES,COM,commune,93,Provence-Alpes-Côte d'Azur,06,Alpes-Maritimes,0625,Valbonne,240600585,CA de Sophia Antipolis,23,Nice,06620,06620,09304,06029,06000,,0.0,HORS UNITE URBAINE,H,109,1593,16,7.0,870,260.0,1263.0,43.743,7.008,43.753,7.017,6,Rural à habitat dispersé,0.0,communes non pôle,Courmians,https://fr.wikipedia.org/wiki/fr:Courmes,https://villedereve.fr/ville/06049-courmes
1916,06050,Coursegoules,Coursegoules,à Coursegoules,de Coursegoules,coursegoules,COURSEGOULES,COM,commune,93,Provence-Alpes-Côte d'Azur,06,Alpes-Maritimes,0626,Vence,240600585,CA de Sophia Antipolis,23,Nice,06140,06140,09315,06088,06000,,0.0,HORS UNITE URBAINE,H,526,4128,41,13.0,1118,640.0,1700.0,43.795,7.04,43.792,7.036,6,Rural à habitat dispersé,1.0,centres locaux d'équipements et de services,Coursegoulois,https://fr.wikipedia.org/wiki/fr:Coursegoules,https://villedereve.fr/ville/06050-coursegoules
1917,06051,La Croix-sur-Roudoule,Croix-sur-Roudoule,à Croix-sur-Roudoule,de la Croix-sur-Roudoule,la-croix-sur-roudoule,LA CROIX-SUR-ROUDOULE,COM,commune,93,Provence-Alpes-Côte d'Azur,06,Alpes-Maritimes,0626,Vence,200039931,CC Alpes d'Azur,23,Nice,06260,06260,09315,06088,06000,,0.0,HORS UNITE URBAINE,H,99,2990,30,3.0,1062,495.0,1743.0,43.987,6.874,44.0,6.87,7,Rural à habitat très dispersé,0.0,communes non pôle,Crousencs,https://fr.wikipedia.org/wiki/fr:La Croix-sur-Roudoule,https://villedereve.fr/ville/06051-la-croix-sur-roudoule
1918,06052,Cuébris,Cuébris,à Cuébris,de Cuébris,cuebris,CUÉBRIS,COM,commune,93,Provence-Alpes-Côte d'Azur,06,Alpes-Maritimes,0626,Vence,200039931,CC Alpes d'Azur,23,Nice,06910,06910,09315,06088,06000,,0.0,HORS UNITE URBAINE,H,148,2294,23,6.0,711,320.0,1108.0,43.887,7.02,43.889,7.004,6,Rural à habitat dispersé,0.0,communes non pôle,Cuébrois,https://fr.wikipedia.org/wiki/fr:Cuébris,https://villedereve.fr/ville/06052-cuebris
1919,06053,Daluis,Daluis,à Daluis,de Daluis,daluis,DALUIS,COM,commune,93,Provence-Alpes-Côte d'Azur,06,Alpes-Maritimes,0626,Vence,200039931,CC Alpes d'Azur,23,Nice,06470,06470,09315,06088,06000,,0.0,HORS UNITE URBAINE,H,143,3950,40,4.0,1275,590.0,2502.0,44.027,6.812,44.039,6.8,6,Rural à habitat dispersé,0.0,communes non pôle,Daluisiens,https://fr.wikipedia.org/wiki/fr:Daluis,https://villedereve.fr/ville/06053-daluis
1920,06054,Drap,Drap,à Drap,de Drap,drap,DRAP,COM,commune,93,Provence-Alpes-Côte d'Azur,06,Alpes-Maritimes,0610,Contes,200030195,Métropole Nice Côte d'Azur,23,Nice,06340,"06348, 06340",09315,06088,06701,Nice,7.0,UNITE URBAINE,B,5238,549,5,954.0,235,75.0,540.0,43.756,7.32,43.758,7.337,4,Ceintures urbaines,1.0,centres locaux d'équipements et de services,Drapois(e)(s),https://fr.wikipedia.org/wiki/fr:Drap (Alpes-Maritimes),https://villedereve.fr/ville/06054-drap
1921,06055,Duranus,Duranus,à Duranus,de Duranus,duranus,DURANUS,COM,commune,93,Provence-Alpes-Côte d'Azur,06,Alpes-Maritimes,0624,Tourrette-Levens,200030195,Métropole Nice Côte d'Azur,23,Nice,06670,06670,09315,06088,06000,,0.0,HORS UNITE URBAINE,H,157,1605,16,10.0,866,194.0,1500.0,43.894,7.258,43.894,7.28,6,Rural à habitat dispersé,0.0,communes non pôle,Duranussiens,https://fr.wikipedia.org/wiki/fr:Duranus,https://villedereve.fr/ville/06055-duranus
1922,06056,Entraunes,Entraunes,à Entraunes,d'Entraunes,entraunes,ENTRAUNES,COM,commune,93,Provence-Alpes-Côte d'Azur,06,Alpes-Maritimes,0626,Vence,200039931,CC Alpes d'Azur,23,Nice,06470,06470,09315,06088,06000,,0.0,HORS UNITE URBAINE,H,137,7999,80,2.0,2050,1100.0,0.0,44.188,6.748,44.215,6.763,6,Rural à habitat dispersé,0.0,communes non pôle,Entraunois,https://fr.wikipedia.org/wiki/fr:Entraunes,https://villedereve.fr/ville/06056-entraunes
1923,06057,L'Escarène,Escarène,à Escarène,de l'Escarène,l-escarene,L'ESCARÈNE,COM,commune,93,Provence-Alpes-Côte d'Azur,06,Alpes-Maritimes,0610,Contes,240600593,CC du Pays des Paillons,23,Nice,06440,06440,09315,06088,06102,L'Escarène,1.0,UNITE URBAINE,I,2563,1053,11,243.0,534,220.0,1054.0,43.834,7.356,43.834,7.366,5,Bourgs ruraux,2.0,centres intermédiaires d'équipements et de services,Escarénois,https://fr.wikipedia.org/wiki/fr:L'Escarène,https://villedereve.fr/ville/06057-l-escarene
1924,06058,Escragnolles,Escragnolles,à Escragnolles,d'Escragnolles,escragnolles,ESCRAGNOLLES,COM,commune,93,Provence-Alpes-Côte d'Azur,06,Alpes-Maritimes,0611,Grasse-1,200039857,CA du Pays de Grasse,23,Nice,06460,06460,09304,06029,06000,,0.0,HORS UNITE URBAINE,H,615,2635,26,23.0,1053,400.0,1644.0,43.73,6.783,43.729,6.783,6,Rural à habitat dispersé,1.0,centres locaux d'équipements et de services,Escragnollois,https://fr.wikipedia.org/wiki/fr:Escragnolles,https://villedereve.fr/ville/06058-escragnolles
1925,06059,Èze,Èze,à Èze,d'Èze,eze,ÈZE,COM,commune,93,Provence-Alpes-Côte d'Azur,06,Alpes-Maritimes,0604,Beausoleil,200030195,Métropole Nice Côte d'Azur,23,Nice,06360,06360,09314,06083,06501,Menton-Monaco (partie française),5.0,UNITE URBAINE,B,2189,955,10,229.0,357,0.0,700.0,43.729,7.362,43.729,7.361,6,Rural à habitat dispersé,1.0,centres locaux d'équipements et de services,Ézasques,https://fr.wikipedia.org/wiki/fr:Èze,https://villedereve.fr/ville/06059-eze
1926,06060,Falicon,Falicon,à Falicon,de Falicon,falicon,FALICON,COM,commune,93,Provence-Alpes-Côte d'Azur,06,Alpes-Maritimes,0624,Tourrette-Levens,200030195,Métropole Nice Côte d'Azur,23,Nice,06950,06950,09315,06088,06701,Nice,7.0,UNITE URBAINE,B,2111,492,5,429.0,338,103.0,581.0,43.749,7.279,43.752,7.266,4,Ceintures urbaines,1.0,centres locaux d'équipements et de services,Faliconnais,https://fr.wikipedia.org/wiki/fr:Falicon,https://villedereve.fr/ville/06060-falicon
1927,06061,Les Ferres,Ferres,aux Ferres,des Ferres,les-ferres,LES FERRES,COM,commune,93,Provence-Alpes-Côte d'Azur,06,Alpes-Maritimes,0626,Vence,240600585,CA de Sophia Antipolis,23,Nice,06510,06510,09315,06088,06000,,0.0,HORS UNITE URBAINE,H,92,1377,14,7.0,691,180.0,1278.0,43.847,7.093,43.842,7.093,6,Rural à habitat dispersé,0.0,communes non pôle,Ferrois,https://fr.wikipedia.org/wiki/fr:Les Ferres,https://villedereve.fr/ville/06061-les-ferres
1928,06062,Fontan,Fontan,à Fontan,de Fontan,fontan,FONTAN,COM,commune,93,Provence-Alpes-Côte d'Azur,06,Alpes-Maritimes,0610,Contes,240600551,CA de la Riviera Française,23,Nice,06540,06540,09314,06083,06000,,0.0,HORS UNITE URBAINE,H,310,4954,50,6.0,1309,405.0,2447.0,44.003,7.554,44.022,7.544,6,Rural à habitat dispersé,0.0,communes non pôle,Fontannais,https://fr.wikipedia.org/wiki/fr:Fontan,https://villedereve.fr/ville/06062-fontan
1929,06063,Gars,Gars,à Gars,de Gars,gars,GARS,COM,commune,93,Provence-Alpes-Côte d'Azur,06,Alpes-Maritimes,0611,Grasse-1,200039857,CA du Pays de Grasse,23,Nice,06850,06850,09304,06029,06000,,0.0,HORS UNITE URBAINE,H,76,1547,15,5.0,955,640.0,1649.0,43.866,6.803,43.86,6.817,7,Rural à habitat très dispersé,0.0,communes non pôle,Garcinois,https://fr.wikipedia.org/wiki/fr:Gars,https://villedereve.fr/ville/06063-gars
1930,06064,Gattières,Gattières,à Gattières,de Gattières,gattieres,GATTIÈRES,COM,commune,93,Provence-Alpes-Côte d'Azur,06,Alpes-Maritimes,0617,Nice-3,200030195,Métropole Nice Côte d'Azur,23,Nice,06510,06510,09315,06088,06701,Nice,7.0,UNITE URBAINE,B,4287,1014,10,423.0,417,48.0,950.0,43.76,7.177,43.765,7.169,4,Ceintures urbaines,1.0,centres locaux d'équipements et de services,Gattiérois,https://fr.wikipedia.org/wiki/fr:Gattières,https://villedereve.fr/ville/06064-gattieres
1931,06065,La Gaude,Gaude,à Gaude,de la Gaude,la-gaude,LA GAUDE,COM,commune,93,Provence-Alpes-Côte d'Azur,06,Alpes-Maritimes,0606,Cagnes-sur-Mer-2,200030195,Métropole Nice Côte d'Azur,23,Nice,06610,06610,09315,06088,06701,Nice,7.0,UNITE URBAINE,B,7133,1341,13,532.0,204,24.0,349.0,43.722,7.153,43.721,7.16,4,Ceintures urbaines,2.0,centres intermédiaires d'équipements et de services,Gaudois,https://fr.wikipedia.org/wiki/fr:La Gaude,https://villedereve.fr/ville/06065-la-gaude
1932,06066,Gilette,Gilette,à Gilette,de Gilette,gilette,GILETTE,COM,commune,93,Provence-Alpes-Côte d'Azur,06,Alpes-Maritimes,0626,Vence,200030195,Métropole Nice Côte d'Azur,23,Nice,06830,06830,09315,06088,06000,,0.0,HORS UNITE URBAINE,H,1608,1061,11,152.0,363,108.0,808.0,43.849,7.163,43.848,7.161,5,Bourgs ruraux,1.0,centres locaux d'équipements et de services,Gilettois,https://fr.wikipedia.org/wiki/fr:Gilette,https://villedereve.fr/ville/06066-gilette
1933,06067,Gorbio,Gorbio,à Gorbio,de Gorbio,gorbio,GORBIO,COM,commune,93,Provence-Alpes-Côte d'Azur,06,Alpes-Maritimes,0614,Menton,240600551,CA de la Riviera Française,23,Nice,06500,06500,09314,06083,06501,Menton-Monaco (partie française),5.0,UNITE URBAINE,B,1527,707,7,216.0,473,77.0,928.0,43.787,7.444,43.786,7.446,6,Rural à habitat dispersé,1.0,centres locaux d'équipements et de services,Gorbiasque,https://fr.wikipedia.org/wiki/fr:Gorbio,https://villedereve.fr/ville/06067-gorbio
1934,06068,Gourdon,Gourdon,à Gourdon,de Gourdon,gourdon,GOURDON,COM,commune,93,Provence-Alpes-Côte d'Azur,06,Alpes-Maritimes,0625,Valbonne,240600585,CA de Sophia Antipolis,23,Nice,06620,06620,09304,06029,06701,Nice,7.0,UNITE URBAINE,B,368,2260,23,16.0,880,157.0,1335.0,43.723,6.974,43.724,6.964,6,Rural à habitat dispersé,0.0,communes non pôle,Gourdonnais,https://fr.wikipedia.org/wiki/fr:Gourdon (Alpes-Maritimes),https://villedereve.fr/ville/06068-gourdon
1935,06069,Grasse,Grasse,à Grasse,de Grasse,grasse,GRASSE,COM,commune,93,Provence-Alpes-Côte d'Azur,06,Alpes-Maritimes,0698,Grasse,200039857,CA du Pays de Grasse,23,Nice,06130,"06335, 06332, 06133, 06333, 06130, 06131, 06331, 06334, 06135, 06520",09304,06029,06701,Nice,7.0,UNITE URBAINE,B,48323,4428,44,1091.0,356,80.0,1061.0,43.658,6.925,43.656,6.932,2,Centres urbains intermédiaires,3.0,centres structurants d'équipements et de services,"Grassois, Grassoise",https://fr.wikipedia.org/wiki/fr:Grasse,https://villedereve.fr/ville/06069-grasse
1936,06070,Gréolières,Gréolières,à Gréolières,de Gréolières,greolieres,GRÉOLIÈRES,COM,commune,93,Provence-Alpes-Côte d'Azur,06,Alpes-Maritimes,0625,Valbonne,240600585,CA de Sophia Antipolis,23,Nice,06620,06620,09304,06029,06000,,0.0,HORS UNITE URBAINE,H,580,5252,53,11.0,1195,492.0,1778.0,43.795,6.943,43.807,6.932,6,Rural à habitat dispersé,1.0,centres locaux d'équipements et de services,Gréolois,https://fr.wikipedia.org/wiki/fr:Gréolières,https://villedereve.fr/ville/06070-greolieres
1937,06071,Guillaumes,Guillaumes,à Guillaumes,de Guillaumes,guillaumes,GUILLAUMES,COM,commune,93,Provence-Alpes-Côte d'Azur,06,Alpes-Maritimes,0626,Vence,200039931,CC Alpes d'Azur,23,Nice,06470,06470,09315,06088,06000,,0.0,HORS UNITE URBAINE,H,584,8640,86,7.0,1376,679.0,2582.0,44.089,6.854,44.088,6.875,6,Rural à habitat dispersé,1.0,centres locaux d'équipements et de services,Guillaumois,https://fr.wikipedia.org/wiki/fr:Guillaumes,https://villedereve.fr/ville/06071-guillaumes
1938,06072,Ilonse,Ilonse,à Ilonse,d'Ilonse,ilonse,ILONSE,COM,commune,93,Provence-Alpes-Côte d'Azur,06,Alpes-Maritimes,0624,Tourrette-Levens,200030195,Métropole Nice Côte d'Azur,23,Nice,06420,06420,09315,06088,06000,,0.0,HORS UNITE URBAINE,H,142,4055,41,4.0,1149,351.0,1992.0,44.032,7.101,44.035,7.09,7,Rural à habitat très dispersé,0.0,communes non pôle,Ilonsois,https://fr.wikipedia.org/wiki/fr:Ilonse,https://villedereve.fr/ville/06072-ilonse
1939,06073,Isola,Isola,à Isola,d'Isola,isola,ISOLA,COM,commune,93,Provence-Alpes-Côte d'Azur,06,Alpes-Maritimes,0624,Tourrette-Levens,200030195,Métropole Nice Côte d'Azur,23,Nice,06420,06420,09315,06088,06000,,0.0,HORS UNITE URBAINE,H,653,9959,100,7.0,1829,719.0,2930.0,44.186,7.053,44.187,7.075,6,Rural à habitat dispersé,1.0,centres locaux d'équipements et de services,Isolien,https://fr.wikipedia.org/wiki/fr:Isola (Alpes-Maritimes),https://villedereve.fr/ville/06073-isola
1940,06074,Lantosque,Lantosque,à Lantosque,de Lantosque,lantosque,LANTOSQUE,COM,commune,93,Provence-Alpes-Côte d'Azur,06,Alpes-Maritimes,0624,Tourrette-Levens,200030195,Métropole Nice Côte d'Azur,23,Nice,06450,06450,09315,06088,06000,,0.0,HORS UNITE URBAINE,H,1200,4464,45,27.0,945,335.0,2000.0,43.974,7.312,43.971,7.305,6,Rural à habitat dispersé,1.0,centres locaux d'équipements et de services,Lantosquois,https://fr.wikipedia.org/wiki/fr:Lantosque,https://villedereve.fr/ville/06074-lantosque
1941,06075,Levens,Levens,à Levens,de Levens,levens,LEVENS,COM,commune,93,Provence-Alpes-Côte d'Azur,06,Alpes-Maritimes,0624,Tourrette-Levens,200030195,Métropole Nice Côte d'Azur,23,Nice,06670,06670,09315,06088,06108,Levens,1.0,UNITE URBAINE,I,5165,2965,30,174.0,603,121.0,1414.0,43.859,7.226,43.85,7.24,5,Bourgs ruraux,2.0,centres intermédiaires d'équipements et de services,Levensans ou Levensois,https://fr.wikipedia.org/wiki/fr:Levens,https://villedereve.fr/ville/06075-levens
1942,06076,Lieuche,Lieuche,à Lieuche,de Lieuche,lieuche,LIEUCHE,COM,commune,93,Provence-Alpes-Côte d'Azur,06,Alpes-Maritimes,0626,Vence,200039931,CC Alpes d'Azur,23,Nice,06260,06260,09315,06088,06000,,0.0,HORS UNITE URBAINE,H,50,1314,13,4.0,1127,509.0,1783.0,43.995,7.016,44.002,7.032,7,Rural à habitat très dispersé,0.0,communes non pôle,Lieuchois,https://fr.wikipedia.org/wiki/fr:Lieuche,https://villedereve.fr/ville/06076-lieuche
1943,06077,Lucéram,Lucéram,à Lucéram,de Lucéram,luceram,LUCÉRAM,COM,commune,93,Provence-Alpes-Côte d'Azur,06,Alpes-Maritimes,0610,Contes,240600593,CC du Pays des Paillons,23,Nice,06440,06440,09315,06088,06000,,0.0,HORS UNITE URBAINE,H,1264,6503,65,19.0,947,400.0,1582.0,43.884,7.361,43.901,7.353,5,Bourgs ruraux,1.0,centres locaux d'équipements et de services,Lucéramois,https://fr.wikipedia.org/wiki/fr:Lucéram,https://villedereve.fr/ville/06077-luceram
1944,06078,Malaussène,Malaussène,à Malaussène,de Malaussène,malaussene,MALAUSSÈNE,COM,commune,93,Provence-Alpes-Côte d'Azur,06,Alpes-Maritimes,0626,Vence,200039931,CC Alpes d'Azur,23,Nice,06710,06710,09315,06088,06000,,0.0,HORS UNITE URBAINE,H,324,1954,20,17.0,634,154.0,1468.0,43.927,7.13,43.915,7.141,6,Rural à habitat dispersé,0.0,communes non pôle,Malaussénois,https://fr.wikipedia.org/wiki/fr:Malaussène,https://villedereve.fr/ville/06078-malaussene
1945,06079,Mandelieu-la-Napoule,Mandelieu-la-Napoule,à Mandelieu-la-Napoule,de Mandelieu-la-Napoule,mandelieu-la-napoule,MANDELIEU-LA-NAPOULE,COM,commune,93,Provence-Alpes-Côte d'Azur,06,Alpes-Maritimes,0613,Mandelieu-la-Napoule,200039915,CA Cannes Pays de Lérins,23,Nice,06210,"06211, 06210, 06212, 06213",09304,06029,06701,Nice,7.0,UNITE URBAINE,B,21561,3210,32,672.0,104,0.0,486.0,43.543,6.932,43.538,6.918,1,Grands centres urbains,3.0,centres structurants d'équipements et de services,Mandolociens-NapoulencsouMandolociens-Napoulois,https://fr.wikipedia.org/wiki/fr:Mandelieu-la-Napoule,https://villedereve.fr/ville/06079-mandelieu-la-napoule
1946,06080,Marie,Marie,à Marie,de Marie,marie,MARIE,COM,commune,93,Provence-Alpes-Côte d'Azur,06,Alpes-Maritimes,0624,Tourrette-Levens,200030195,Métropole Nice Côte d'Azur,23,Nice,06420,06420,09315,06088,06000,,0.0,HORS UNITE URBAINE,H,105,1464,15,7.0,1054,341.0,2089.0,44.032,7.135,44.035,7.157,7,Rural à habitat très dispersé,0.0,communes non pôle,Mariols,https://fr.wikipedia.org/wiki/fr:Marie (Alpes-Maritimes),https://villedereve.fr/ville/06080-marie
1947,06081,Le Mas,Mas,au Mas,du Mas,le-mas,LE MAS,COM,commune,93,Provence-Alpes-Côte d'Azur,06,Alpes-Maritimes,0611,Grasse-1,200039857,CA du Pays de Grasse,23,Nice,06910,06910,09315,06088,06000,,0.0,HORS UNITE URBAINE,H,99,3240,32,3.0,1062,440.0,1689.0,43.843,6.858,43.837,6.859,7,Rural à habitat très dispersé,0.0,communes non pôle,Massois,https://fr.wikipedia.org/wiki/fr:Le Mas,https://villedereve.fr/ville/06081-le-mas
1948,06082,Massoins,Massoins,à Massoins,de Massoins,massoins,MASSOINS,COM,commune,93,Provence-Alpes-Côte d'Azur,06,Alpes-Maritimes,0626,Vence,200039931,CC Alpes d'Azur,23,Nice,06710,06710,09315,06088,06000,,0.0,HORS UNITE URBAINE,H,115,1189,12,10.0,660,186.0,1789.0,43.943,7.126,43.948,7.124,6,Rural à habitat dispersé,0.0,communes non pôle,Massoinques,https://fr.wikipedia.org/wiki/fr:Massoins,https://villedereve.fr/ville/06082-massoins
1949,06083,Menton,Menton,à Menton,de Menton,menton,MENTON,COM,commune,93,Provence-Alpes-Côte d'Azur,06,Alpes-Maritimes,0614,Menton,240600551,CA de la Riviera Française,23,Nice,06500,"06502, 06504, 06507, 06503, 06500, 06501, 06506",09314,06083,06501,Menton-Monaco (partie française),5.0,UNITE URBAINE,C,30412,1422,14,2139.0,175,0.0,774.0,43.776,7.503,43.791,7.494,2,Centres urbains intermédiaires,3.0,centres structurants d'équipements et de services,Mentonnais ou Mentonasques,https://fr.wikipedia.org/wiki/fr:Menton (Alpes-Maritimes),https://villedereve.fr/ville/06083-menton
1950,06084,Mouans-Sartoux,Mouans-Sartoux,à Mouans-Sartoux,de Mouans-Sartoux,mouans-sartoux,MOUANS-SARTOUX,COM,commune,93,Provence-Alpes-Côte d'Azur,06,Alpes-Maritimes,0612,Grasse-2,200039857,CA du Pays de Grasse,23,Nice,06370,"06370, 06371, 06372",09304,06029,06701,Nice,7.0,UNITE URBAINE,B,10531,1262,13,834.0,164,40.0,321.0,43.62,6.97,43.618,6.965,2,Centres urbains intermédiaires,3.0,centres structurants d'équipements et de services,Mouansois,https://fr.wikipedia.org/wiki/fr:Mouans-Sartoux,https://villedereve.fr/ville/06084-mouans-sartoux
1951,06085,Mougins,Mougins,à Mougins,de Mougins,mougins,MOUGINS,COM,commune,93,Provence-Alpes-Côte d'Azur,06,Alpes-Maritimes,0609,Le Cannet,200039915,CA Cannes Pays de Lérins,23,Nice,06250,"06255, 06250, 06254, 06253, 06252, 06251",09304,06029,06701,Nice,7.0,UNITE URBAINE,B,19677,2601,26,757.0,156,32.0,269.0,43.6,6.994,43.596,7.001,4,Ceintures urbaines,3.0,centres structurants d'équipements et de services,Mouginois,https://fr.wikipedia.org/wiki/fr:Mougins,https://villedereve.fr/ville/06085-mougins
1952,06086,Moulinet,Moulinet,à Moulinet,de Moulinet,moulinet,MOULINET,COM,commune,93,Provence-Alpes-Côte d'Azur,06,Alpes-Maritimes,0610,Contes,240600551,CA de la Riviera Française,23,Nice,06380,06380,09314,06083,06000,,0.0,HORS UNITE URBAINE,H,253,4099,41,6.0,1299,516.0,2080.0,43.94,7.413,43.954,7.414,6,Rural à habitat dispersé,0.0,communes non pôle,Moulinois,https://fr.wikipedia.org/wiki/fr:Moulinet (Alpes-Maritimes),https://villedereve.fr/ville/06086-moulinet
1953,06087,Les Mujouls,Mujouls,aux Mujouls,des Mujouls,les-mujouls,LES MUJOULS,COM,commune,93,Provence-Alpes-Côte d'Azur,06,Alpes-Maritimes,0611,Grasse-1,200039857,CA du Pays de Grasse,23,Nice,06910,06910,09304,06029,06000,,0.0,HORS UNITE URBAINE,H,40,1454,15,3.0,810,518.0,1416.0,43.884,6.862,43.872,6.859,7,Rural à habitat très dispersé,0.0,communes non pôle,Mujoulois,https://fr.wikipedia.org/wiki/fr:Les Mujouls,https://villedereve.fr/ville/06087-les-mujouls
1954,06088,Nice,Nice,à Nice,de Nice,nice,NICE,COM,commune,93,Provence-Alpes-Côte d'Azur,06,Alpes-Maritimes,0699,Nice,200030195,Métropole Nice Côte d'Azur,23,Nice,06000,"06005, 06008, 06106, 06285, 06175, 06041, 06046, 06002, 06007, 06082, 06101, 06021, 06302, 06009, 06058, 06182, 06040, 06056, 06359, 06012, 06033, 06036, 06042, 06039, 06281, 06001, 06202, 06205, 06304, 06034, 06081, 06296, 06306, 06010, 06050, 06293, 06073, 06189, 06284, 06305, 06026, 06180, 06290, 06286, 06357, 06054, 06206, 06282, 06289, 06299, 06301, 06309, 06364, 06083, 06105, 06203, 06016, 06049, 06201, 06295, 06188, 06353, 06011, 06045, 06172, 06000, 06102, 06666, 06100, 06200, 06300, 06291, 06037, 06047, 06048, 06103, 06204, 06303, 06003, 06004, 06006, 06181, 06358, 06013, 06107, 06108",09315,06088,06701,Nice,7.0,UNITE URBAINE,C,348085,7391,74,4710.0,115,0.0,520.0,43.696,7.272,43.712,7.238,1,Grands centres urbains,4.0,centres majeurs d'équipements et de services,Niçois,https://fr.wikipedia.org/wiki/fr:Nice,https://villedereve.fr/ville/06088-nice
1955,06089,Opio,Opio,à Opio,d'Opio,opio,OPIO,COM,commune,93,Provence-Alpes-Côte d'Azur,06,Alpes-Maritimes,0625,Valbonne,240600585,CA de Sophia Antipolis,23,Nice,06650,06650,09304,06029,06701,Nice,7.0,UNITE URBAINE,B,2393,931,9,257.0,250,154.0,361.0,43.669,6.982,43.658,7.009,4,Ceintures urbaines,2.0,centres intermédiaires d'équipements et de services,Upians[Note 1] ou Opidiens,https://fr.wikipedia.org/wiki/fr:Opio,https://villedereve.fr/ville/06089-opio
1956,06090,Pégomas,Pégomas,à Pégomas,de Pégomas,pegomas,PÉGOMAS,COM,commune,93,Provence-Alpes-Côte d'Azur,06,Alpes-Maritimes,0613,Mandelieu-la-Napoule,200039857,CA du Pays de Grasse,23,Nice,06580,06580,09304,06029,06701,Nice,7.0,UNITE URBAINE,B,8045,1115,11,722.0,130,6.0,483.0,43.594,6.928,43.587,6.922,4,Ceintures urbaines,2.0,centres intermédiaires d'équipements et de services,Pégomassois,https://fr.wikipedia.org/wiki/fr:Pégomas,https://villedereve.fr/ville/06090-pegomas
1957,06091,Peille,Peille,à Peille,de Peille,peille,PEILLE,COM,commune,93,Provence-Alpes-Côte d'Azur,06,Alpes-Maritimes,0610,Contes,240600593,CC du Pays des Paillons,23,Nice,06440,06440,09314,06083,06000,,0.0,HORS UNITE URBAINE,H,2287,4275,43,53.0,752,190.0,1268.0,43.803,7.402,43.806,7.411,6,Rural à habitat dispersé,1.0,centres locaux d'équipements et de services,Peillois ou Peillasques,https://fr.wikipedia.org/wiki/fr:Peille,https://villedereve.fr/ville/06091-peille
1958,06092,Peillon,Peillon,à Peillon,de Peillon,peillon,PEILLON,COM,commune,93,Provence-Alpes-Côte d'Azur,06,Alpes-Maritimes,0610,Contes,240600593,CC du Pays des Paillons,23,Nice,06440,06440,09315,06088,06000,,0.0,HORS UNITE URBAINE,H,1445,868,9,166.0,344,115.0,720.0,43.768,7.367,43.773,7.372,6,Rural à habitat dispersé,1.0,centres locaux d'équipements et de services,Peillonnais(e),https://fr.wikipedia.org/wiki/fr:Peillon,https://villedereve.fr/ville/06092-peillon
1959,06093,La Penne,Penne,à Penne,de la Penne,la-penne,LA PENNE,COM,commune,93,Provence-Alpes-Côte d'Azur,06,Alpes-Maritimes,0626,Vence,200039931,CC Alpes d'Azur,23,Nice,06260,06260,09315,06088,06000,,0.0,HORS UNITE URBAINE,H,239,1801,18,13.0,850,520.0,1436.0,43.928,6.948,43.925,6.942,7,Rural à habitat très dispersé,0.0,communes non pôle,Pennois,https://fr.wikipedia.org/wiki/fr:La Penne,https://villedereve.fr/ville/06093-la-penne
1960,06094,Péone,Péone,à Péone,de Péone,peone,PÉONE,COM,commune,93,Provence-Alpes-Côte d'Azur,06,Alpes-Maritimes,0626,Vence,200039931,CC Alpes d'Azur,23,Nice,06470,06470,09315,06088,06000,,0.0,HORS UNITE URBAINE,H,979,4845,48,20.0,1753,947.0,2640.0,44.116,6.907,44.13,6.921,6,Rural à habitat dispersé,1.0,centres locaux d'équipements et de services,Péoniens,https://fr.wikipedia.org/wiki/fr:Péone,https://villedereve.fr/ville/06094-peone
1961,06095,Peymeinade,Peymeinade,à Peymeinade,de Peymeinade,peymeinade,PEYMEINADE,COM,commune,93,Provence-Alpes-Côte d'Azur,06,Alpes-Maritimes,0611,Grasse-1,200039857,CA du Pays de Grasse,23,Nice,06530,"06532, 06531, 06530",09304,06029,06701,Nice,7.0,UNITE URBAINE,B,8256,993,10,831.0,204,29.0,326.0,43.642,6.876,43.63,6.882,4,Ceintures urbaines,2.0,centres intermédiaires d'équipements et de services,Peymeinadois,https://fr.wikipedia.org/wiki/fr:Peymeinade,https://villedereve.fr/ville/06095-peymeinade
1962,06096,Pierlas,Pierlas,à Pierlas,de Pierlas,pierlas,PIERLAS,COM,commune,93,Provence-Alpes-Côte d'Azur,06,Alpes-Maritimes,0626,Vence,200039931,CC Alpes d'Azur,23,Nice,06260,06260,09315,06088,06000,,0.0,HORS UNITE URBAINE,H,101,3138,31,3.0,1421,560.0,2106.0,44.031,7.036,44.035,7.017,7,Rural à habitat très dispersé,0.0,communes non pôle,Pierlassois ou Pierlencs,https://fr.wikipedia.org/wiki/fr:Pierlas,https://villedereve.fr/ville/06096-pierlas
1963,06097,Pierrefeu,Pierrefeu,à Pierrefeu,de Pierrefeu,pierrefeu,PIERREFEU,COM,commune,93,Provence-Alpes-Côte d'Azur,06,Alpes-Maritimes,0626,Vence,200039931,CC Alpes d'Azur,23,Nice,06910,06910,09315,06088,06000,,0.0,HORS UNITE URBAINE,H,340,2217,22,15.0,734,222.0,1520.0,43.864,7.092,43.885,7.071,6,Rural à habitat dispersé,0.0,communes non pôle,Pierrefeutins,https://fr.wikipedia.org/wiki/fr:Pierrefeu,https://villedereve.fr/ville/06097-pierrefeu
1964,06098,Puget-Rostang,Puget-Rostang,à Puget-Rostang,de Puget-Rostang,puget-rostang,PUGET-ROSTANG,COM,commune,93,Provence-Alpes-Côte d'Azur,06,Alpes-Maritimes,0626,Vence,200039931,CC Alpes d'Azur,23,Nice,06260,06260,09315,06088,06000,,0.0,HORS UNITE URBAINE,H,126,2239,22,6.0,1166,537.0,1738.0,43.974,6.919,43.987,6.937,6,Rural à habitat dispersé,0.0,communes non pôle,Rostagnois,https://fr.wikipedia.org/wiki/fr:Puget-Rostang,https://villedereve.fr/ville/06098-puget-rostang
1965,06099,Puget-Théniers,Puget-Théniers,à Puget-Théniers,de Puget-Théniers,puget-theniers,PUGET-THÉNIERS,COM,commune,93,Provence-Alpes-Côte d'Azur,06,Alpes-Maritimes,0626,Vence,200039931,CC Alpes d'Azur,23,Nice,06260,06260,09315,06088,06000,,0.0,HORS UNITE URBAINE,H,1813,2134,21,85.0,640,353.0,1436.0,43.956,6.893,43.952,6.906,5,Bourgs ruraux,2.0,centres intermédiaires d'équipements et de services,Pugetois,https://fr.wikipedia.org/wiki/fr:Puget-Théniers,https://villedereve.fr/ville/06099-puget-theniers
1966,06100,Revest-les-Roches,Revest-les-Roches,à Revest-les-Roches,de Revest-les-Roches,revest-les-roches,REVEST-LES-ROCHES,COM,commune,93,Provence-Alpes-Côte d'Azur,06,Alpes-Maritimes,0626,Vence,200039931,CC Alpes d'Azur,23,Nice,06830,06830,09315,06088,06000,,0.0,HORS UNITE URBAINE,H,233,867,9,27.0,780,138.0,1524.0,43.882,7.156,43.883,7.168,6,Rural à habitat dispersé,0.0,communes non pôle,Revestois,https://fr.wikipedia.org/wiki/fr:Revest-les-Roches,https://villedereve.fr/ville/06100-revest-les-roches
1967,06101,Rigaud,Rigaud,à Rigaud,de Rigaud,rigaud,RIGAUD,COM,commune,93,Provence-Alpes-Côte d'Azur,06,Alpes-Maritimes,0626,Vence,200039931,CC Alpes d'Azur,23,Nice,06260,06260,09315,06088,06000,,0.0,HORS UNITE URBAINE,H,169,3224,32,5.0,1000,333.0,1907.0,43.99,6.991,43.993,6.975,6,Rural à habitat dispersé,0.0,communes non pôle,Rigaudois,https://fr.wikipedia.org/wiki/fr:Rigaud (Alpes-Maritimes),https://villedereve.fr/ville/06101-rigaud
1968,06102,Rimplas,Rimplas,à Rimplas,de Rimplas,rimplas,RIMPLAS,COM,commune,93,Provence-Alpes-Côte d'Azur,06,Alpes-Maritimes,0624,Tourrette-Levens,200030195,Métropole Nice Côte d'Azur,23,Nice,06420,06420,09315,06088,06000,,0.0,HORS UNITE URBAINE,H,133,2489,25,5.0,1680,400.0,2649.0,44.064,7.132,44.103,7.145,6,Rural à habitat dispersé,0.0,communes non pôle,Rimplassois,https://fr.wikipedia.org/wiki/fr:Rimplas,https://villedereve.fr/ville/06102-rimplas
1969,06103,Roquebillière,Roquebillière,à Roquebillière,de Roquebillière,roquebilliere,ROQUEBILLIÈRE,COM,commune,93,Provence-Alpes-Côte d'Azur,06,Alpes-Maritimes,0624,Tourrette-Levens,200030195,Métropole Nice Côte d'Azur,23,Nice,06450,06450,09315,06088,06104,Roquebillière,1.0,UNITE URBAINE,C,1815,2563,26,71.0,1073,500.0,2045.0,44.013,7.308,44.027,7.293,5,Bourgs ruraux,2.0,centres intermédiaires d'équipements et de services,Roquebilliérois,https://fr.wikipedia.org/wiki/fr:Roquebillière,https://villedereve.fr/ville/06103-roquebilliere
1970,06104,Roquebrune-Cap-Martin,Roquebrune-Cap-Martin,à Roquebrune-Cap-Martin,de Roquebrune-Cap-Martin,roquebrune-cap-martin,ROQUEBRUNE-CAP-MARTIN,COM,commune,93,Provence-Alpes-Côte d'Azur,06,Alpes-Maritimes,0614,Menton,240600551,CA de la Riviera Française,23,Nice,06190,06190,09314,06083,06501,Menton-Monaco (partie française),5.0,UNITE URBAINE,B,12371,951,10,1301.0,240,0.0,800.0,43.758,7.474,43.764,7.459,2,Centres urbains intermédiaires,2.0,centres intermédiaires d'équipements et de services,Roquebrunois,https://fr.wikipedia.org/wiki/fr:Roquebrune-Cap-Martin,https://villedereve.fr/ville/06104-roquebrune-cap-martin
1971,06105,Roquefort-les-Pins,Roquefort-les-Pins,à Roquefort-les-Pins,de Roquefort-les-Pins,roquefort-les-pins,ROQUEFORT-LES-PINS,COM,commune,93,Provence-Alpes-Côte d'Azur,06,Alpes-Maritimes,0627,Villeneuve-Loubet,240600585,CA de Sophia Antipolis,23,Nice,06330,06330,09304,06029,06701,Nice,7.0,UNITE URBAINE,B,7276,2163,22,336.0,210,20.0,362.0,43.666,7.051,43.674,7.053,4,Ceintures urbaines,2.0,centres intermédiaires d'équipements et de services,Roquefortois,https://fr.wikipedia.org/wiki/fr:Roquefort-les-Pins,https://villedereve.fr/ville/06105-roquefort-les-pins
1972,06106,Roquestéron,Roquestéron,à Roquestéron,de Roquestéron,roquesteron,ROQUESTÉRON,COM,commune,93,Provence-Alpes-Côte d'Azur,06,Alpes-Maritimes,0626,Vence,200039931,CC Alpes d'Azur,23,Nice,06910,06910,09315,06088,06000,,0.0,HORS UNITE URBAINE,H,561,631,6,89.0,520,270.0,1040.0,43.874,7.006,43.868,7.024,6,Rural à habitat dispersé,1.0,centres locaux d'équipements et de services,Roquérois,https://fr.wikipedia.org/wiki/fr:Roquestéron,https://villedereve.fr/ville/06106-roquesteron
1973,06107,La Roque-en-Provence,Roque-en-Provence,à Roque-en-Provence,de la Roque-en-Provence,la-roque-en-provence,LA ROQUE-EN-PROVENCE,COM,commune,93,Provence-Alpes-Côte d'Azur,06,Alpes-Maritimes,0626,Vence,240600585,CA de Sophia Antipolis,23,Nice,06910,06910,09315,06088,06000,,0.0,HORS UNITE URBAINE,H,65,2409,24,3.0,850,289.0,1565.0,43.872,7.006,43.849,6.99,6,Rural à habitat dispersé,0.0,communes non pôle,Roquerois,https://fr.wikipedia.org/wiki/fr:La Roque-en-Provence,https://villedereve.fr/ville/06107-la-roque-en-provence
1974,06108,La Roquette-sur-Siagne,Roquette-sur-Siagne,à Roquette-sur-Siagne,de la Roquette-sur-Siagne,la-roquette-sur-siagne,LA ROQUETTE-SUR-SIAGNE,COM,commune,93,Provence-Alpes-Côte d'Azur,06,Alpes-Maritimes,0613,Mandelieu-la-Napoule,200039857,CA du Pays de Grasse,23,Nice,06550,"06550, 06371",09304,06029,06701,Nice,7.0,UNITE URBAINE,B,5436,625,6,870.0,65,6.0,170.0,43.58,6.956,43.585,6.95,4,Ceintures urbaines,2.0,centres intermédiaires d'équipements et de services,Roquettans,https://fr.wikipedia.org/wiki/fr:La Roquette-sur-Siagne,https://villedereve.fr/ville/06108-la-roquette-sur-siagne
1975,06109,La Roquette-sur-Var,Roquette-sur-Var,à Roquette-sur-Var,de la Roquette-sur-Var,la-roquette-sur-var,LA ROQUETTE-SUR-VAR,COM,commune,93,Provence-Alpes-Côte d'Azur,06,Alpes-Maritimes,0624,Tourrette-Levens,200030195,Métropole Nice Côte d'Azur,23,Nice,06670,06670,09315,06088,06000,,0.0,HORS UNITE URBAINE,H,945,426,4,222.0,299,108.0,600.0,43.828,7.198,43.833,7.205,5,Bourgs ruraux,0.0,communes non pôle,Roquettans,https://fr.wikipedia.org/wiki/fr:La Roquette-sur-Var,https://villedereve.fr/ville/06109-la-roquette-sur-var
1976,06110,Roubion,Roubion,à Roubion,de Roubion,roubion,ROUBION,COM,commune,93,Provence-Alpes-Côte d'Azur,06,Alpes-Maritimes,0624,Tourrette-Levens,200030195,Métropole Nice Côte d'Azur,23,Nice,06420,06420,09315,06088,06000,,0.0,HORS UNITE URBAINE,H,116,2691,27,4.0,1684,840.0,2488.0,44.093,7.05,44.108,7.028,7,Rural à habitat très dispersé,0.0,communes non pôle,Roubionnais,https://fr.wikipedia.org/wiki/fr:Roubion (Alpes-Maritimes),https://villedereve.fr/ville/06110-roubion
1977,06111,Roure,Roure,à Roure,de Roure,roure,ROURE,COM,commune,93,Provence-Alpes-Côte d'Azur,06,Alpes-Maritimes,0624,Tourrette-Levens,200030195,Métropole Nice Côte d'Azur,23,Nice,06420,06420,09315,06088,06000,,0.0,HORS UNITE URBAINE,H,113,3961,40,3.0,1477,500.0,2339.0,44.09,7.088,44.119,7.067,6,Rural à habitat dispersé,0.0,communes non pôle,Rourois,https://fr.wikipedia.org/wiki/fr:Roure,https://villedereve.fr/ville/06111-roure
1978,06112,Le Rouret,Rouret,au Rouret,du Rouret,le-rouret,LE ROURET,COM,commune,93,Provence-Alpes-Côte d'Azur,06,Alpes-Maritimes,0625,Valbonne,240600585,CA de Sophia Antipolis,23,Nice,06650,06650,09304,06029,06701,Nice,7.0,UNITE URBAINE,B,4157,715,7,581.0,315,178.0,480.0,43.674,7.006,43.68,7.01,4,Ceintures urbaines,2.0,centres intermédiaires d'équipements et de services,Rouretans,https://fr.wikipedia.org/wiki/fr:Le Rouret,https://villedereve.fr/ville/06112-le-rouret
1979,06113,Sainte-Agnès,Sainte-Agnès,à Sainte-Agnès,de Sainte-Agnès,sainte-agnes,SAINTE-AGNÈS,COM,commune,93,Provence-Alpes-Côte d'Azur,06,Alpes-Maritimes,0614,Menton,240600551,CA de la Riviera Française,23,Nice,06500,06500,09314,06083,06501,Menton-Monaco (partie française),5.0,UNITE URBAINE,B,1351,953,10,142.0,562,66.0,1238.0,43.789,7.469,43.806,7.461,4,Ceintures urbaines,0.0,communes non pôle,Agnésois,https://fr.wikipedia.org/wiki/fr:Sainte-Agnès (Alpes-Maritimes),https://villedereve.fr/ville/06113-sainte-agnes
1980,06114,Saint-André-de-la-Roche,Saint-André-de-la-Roche,à Saint-André-de-la-Roche,de Saint-André-de-la-Roche,saint-andre-de-la-roche,SAINT-ANDRÉ-DE-LA-ROCHE,COM,commune,93,Provence-Alpes-Côte d'Azur,06,Alpes-Maritimes,0621,Nice-7,200030195,Métropole Nice Côte d'Azur,23,Nice,06730,06730,09315,06088,06701,Nice,7.0,UNITE URBAINE,B,5782,282,3,2050.0,164,43.0,383.0,43.739,7.288,43.746,7.289,1,Grands centres urbains,2.0,centres intermédiaires d'équipements et de services,Saint-Andréens,https://fr.wikipedia.org/wiki/fr:Saint-André-de-la-Roche,https://villedereve.fr/ville/06114-saint-andre-de-la-roche
1981,06115,Saint-Antonin,Saint-Antonin,à Saint-Antonin,de Saint-Antonin,saint-antonin,SAINT-ANTONIN,COM,commune,93,Provence-Alpes-Côte d'Azur,06,Alpes-Maritimes,0626,Vence,200039931,CC Alpes d'Azur,23,Nice,06260,06260,09315,06088,06000,,0.0,HORS UNITE URBAINE,H,85,637,6,13.0,758,625.0,901.0,43.91,6.98,43.908,6.977,7,Rural à habitat très dispersé,0.0,communes non pôle,Santantoninois,https://fr.wikipedia.org/wiki/fr:Saint-Antonin (Alpes-Maritimes),https://villedereve.fr/ville/06115-saint-antonin
1982,06116,Saint-Auban,Saint-Auban,à Saint-Auban,de Saint-Auban,saint-auban,SAINT-AUBAN,COM,commune,93,Provence-Alpes-Côte d'Azur,06,Alpes-Maritimes,0611,Grasse-1,200039857,CA du Pays de Grasse,23,Nice,06850,06850,09304,06029,06000,,0.0,HORS UNITE URBAINE,H,213,4269,43,5.0,1237,899.0,1689.0,43.849,6.727,43.831,6.74,7,Rural à habitat très dispersé,0.0,communes non pôle,Saint-Aubanais,https://fr.wikipedia.org/wiki/fr:Saint-Auban,https://villedereve.fr/ville/06116-saint-auban
1983,06117,Saint-Blaise,Saint-Blaise,à Saint-Blaise,de Saint-Blaise,saint-blaise,SAINT-BLAISE,COM,commune,93,Provence-Alpes-Côte d'Azur,06,Alpes-Maritimes,0624,Tourrette-Levens,200030195,Métropole Nice Côte d'Azur,23,Nice,06670,06670,09315,06088,06000,,0.0,HORS UNITE URBAINE,H,1367,796,8,172.0,367,88.0,808.0,43.821,7.239,43.813,7.23,6,Rural à habitat dispersé,1.0,centres locaux d'équipements et de services,Saint-Blaisois,https://fr.wikipedia.org/wiki/fr:Saint-Blaise (Alpes-Maritimes),https://villedereve.fr/ville/06117-saint-blaise
1984,06118,Saint-Cézaire-sur-Siagne,Saint-Cézaire-sur-Siagne,à Saint-Cézaire-sur-Siagne,de Saint-Cézaire-sur-Siagne,saint-cezaire-sur-siagne,SAINT-CÉZAIRE-SUR-SIAGNE,COM,commune,93,Provence-Alpes-Côte d'Azur,06,Alpes-Maritimes,0611,Grasse-1,200039857,CA du Pays de Grasse,23,Nice,06530,"06535, 06530",09304,06029,06107,Saint-Cézaire-sur-Siagne,1.0,UNITE URBAINE,I,3924,3006,30,131.0,491,95.0,771.0,43.65,6.792,43.659,6.803,5,Bourgs ruraux,1.0,centres locaux d'équipements et de services,Saint-Cézariens,https://fr.wikipedia.org/wiki/fr:Saint-Cézaire-sur-Siagne,https://villedereve.fr/ville/06118-saint-cezaire-sur-siagne
1985,06119,Saint-Dalmas-le-Selvage,Saint-Dalmas-le-Selvage,à Saint-Dalmas-le-Selvage,de Saint-Dalmas-le-Selvage,saint-dalmas-le-selvage,SAINT-DALMAS-LE-SELVAGE,COM,commune,93,Provence-Alpes-Côte d'Azur,06,Alpes-Maritimes,0624,Tourrette-Levens,200030195,Métropole Nice Côte d'Azur,23,Nice,06660,06660,09307,04070,06000,,0.0,HORS UNITE URBAINE,H,104,8100,81,1.0,2207,0.0,0.0,44.284,6.866,44.29,6.841,6,Rural à habitat dispersé,0.0,communes non pôle,Sandalmassiers,https://fr.wikipedia.org/wiki/fr:Saint-Dalmas-le-Selvage,https://villedereve.fr/ville/06119-saint-dalmas-le-selvage
1986,06120,Saint-Étienne-de-Tinée,Saint-Étienne-de-Tinée,à Saint-Étienne-de-Tinée,de Saint-Étienne-de-Tinée,saint-etienne-de-tinee,SAINT-ÉTIENNE-DE-TINÉE,COM,commune,93,Provence-Alpes-Côte d'Azur,06,Alpes-Maritimes,0624,Tourrette-Levens,200030195,Métropole Nice Côte d'Azur,23,Nice,06660,06660,09315,06088,06000,,0.0,HORS UNITE URBAINE,H,1341,17257,173,8.0,1996,949.0,3027.0,44.256,6.926,44.249,6.924,6,Rural à habitat dispersé,2.0,centres intermédiaires d'équipements et de services,Stéphanois,https://fr.wikipedia.org/wiki/fr:Saint-Étienne-de-Tinée,https://villedereve.fr/ville/06120-saint-etienne-de-tinee
1987,06121,Saint-Jean-Cap-Ferrat,Saint-Jean-Cap-Ferrat,à Saint-Jean-Cap-Ferrat,de Saint-Jean-Cap-Ferrat,saint-jean-cap-ferrat,SAINT-JEAN-CAP-FERRAT,COM,commune,93,Provence-Alpes-Côte d'Azur,06,Alpes-Maritimes,0604,Beausoleil,200030195,Métropole Nice Côte d'Azur,23,Nice,06230,06230,09315,06088,06701,Nice,7.0,UNITE URBAINE,B,1471,276,3,533.0,39,0.0,138.0,43.692,7.333,43.687,7.33,5,Bourgs ruraux,1.0,centres locaux d'équipements et de services,Saint-Jeannois,https://fr.wikipedia.org/wiki/fr:Saint-Jean-Cap-Ferrat,https://villedereve.fr/ville/06121-saint-jean-cap-ferrat
1988,06122,Saint-Jeannet,Saint-Jeannet,à Saint-Jeannet,de Saint-Jeannet,saint-jeannet,SAINT-JEANNET,COM,commune,93,Provence-Alpes-Côte d'Azur,06,Alpes-Maritimes,0626,Vence,200030195,Métropole Nice Côte d'Azur,23,Nice,06640,06640,09315,06088,06701,Nice,7.0,UNITE URBAINE,B,4303,1461,15,295.0,557,100.0,407.0,43.748,7.143,43.759,7.141,4,Ceintures urbaines,2.0,centres intermédiaires d'équipements et de services,Saint-Jeannois,https://fr.wikipedia.org/wiki/fr:Saint-Jeannet (Alpes-Maritimes),https://villedereve.fr/ville/06122-saint-jeannet
1989,06123,Saint-Laurent-du-Var,Saint-Laurent-du-Var,à Saint-Laurent-du-Var,de Saint-Laurent-du-Var,saint-laurent-du-var,SAINT-LAURENT-DU-VAR,COM,commune,93,Provence-Alpes-Côte d'Azur,06,Alpes-Maritimes,0606,Cagnes-sur-Mer-2,200030195,Métropole Nice Côte d'Azur,23,Nice,06700,"06703, 06721, 06702, 06704, 06706, 06709, 06700, 06708, 06701, 06804",09315,06088,06701,Nice,7.0,UNITE URBAINE,B,30941,938,9,3299.0,64,0.0,214.0,43.675,7.192,43.686,7.182,1,Grands centres urbains,3.0,centres structurants d'équipements et de services,Laurentins,https://fr.wikipedia.org/wiki/fr:Saint-Laurent-du-Var,https://villedereve.fr/ville/06123-saint-laurent-du-var
1990,06124,Saint-Léger,Saint-Léger,à Saint-Léger,de Saint-Léger,saint-leger,SAINT-LÉGER,COM,commune,93,Provence-Alpes-Côte d'Azur,06,Alpes-Maritimes,0626,Vence,200039931,CC Alpes d'Azur,23,Nice,06260,06260,09315,06088,06000,,0.0,HORS UNITE URBAINE,H,52,450,4,12.0,1040,590.0,1600.0,44.001,6.828,44.003,6.823,7,Rural à habitat très dispersé,0.0,communes non pôle,Saint-Légeois,https://fr.wikipedia.org/wiki/fr:Saint-Léger (Alpes-Maritimes),https://villedereve.fr/ville/06124-saint-leger
1991,06125,Saint-Martin-d'Entraunes,Saint-Martin-d'Entraunes,à Saint-Martin-d'Entraunes,de Saint-Martin-d'Entraunes,saint-martin-d-entraunes,SAINT-MARTIN-D'ENTRAUNES,COM,commune,93,Provence-Alpes-Côte d'Azur,06,Alpes-Maritimes,0626,Vence,200039931,CC Alpes d'Azur,23,Nice,06470,06470,09315,06088,06000,,0.0,HORS UNITE URBAINE,H,153,3973,40,4.0,1682,968.0,2742.0,44.143,6.761,44.149,6.746,7,Rural à habitat très dispersé,0.0,communes non pôle,Saint-Martinois,https://fr.wikipedia.org/wiki/fr:Saint-Martin-d'Entraunes,https://villedereve.fr/ville/06125-saint-martin-d-entraunes
1992,06126,Saint-Martin-du-Var,Saint-Martin-du-Var,à Saint-Martin-du-Var,de Saint-Martin-du-Var,saint-martin-du-var,SAINT-MARTIN-DU-VAR,COM,commune,93,Provence-Alpes-Côte d'Azur,06,Alpes-Maritimes,0624,Tourrette-Levens,200030195,Métropole Nice Côte d'Azur,23,Nice,06670,06670,09315,06088,06103,Saint-Martin-du-Var,1.0,UNITE URBAINE,I,3375,487,5,693.0,184,88.0,403.0,43.822,7.191,43.817,7.199,5,Bourgs ruraux,2.0,centres intermédiaires d'équipements et de services,,https://fr.wikipedia.org/wiki/fr:Saint-Martin-du-Var,https://villedereve.fr/ville/06126-saint-martin-du-var
1993,06127,Saint-Martin-Vésubie,Saint-Martin-Vésubie,à Saint-Martin-Vésubie,de Saint-Martin-Vésubie,saint-martin-vesubie,SAINT-MARTIN-VÉSUBIE,COM,commune,93,Provence-Alpes-Côte d'Azur,06,Alpes-Maritimes,0624,Tourrette-Levens,200030195,Métropole Nice Côte d'Azur,23,Nice,06450,06450,09315,06088,06000,,0.0,HORS UNITE URBAINE,H,1385,9717,97,14.0,1949,715.0,3120.0,44.07,7.257,44.102,7.302,5,Bourgs ruraux,1.0,centres locaux d'équipements et de services,Saint-Martinois,https://fr.wikipedia.org/wiki/fr:Saint-Martin-Vésubie,https://villedereve.fr/ville/06127-saint-martin-vesubie
1994,06128,Saint-Paul-de-Vence,Saint-Paul-de-Vence,à Saint-Paul-de-Vence,de Saint-Paul-de-Vence,saint-paul-de-vence,SAINT-PAUL-DE-VENCE,COM,commune,93,Provence-Alpes-Côte d'Azur,06,Alpes-Maritimes,0627,Villeneuve-Loubet,240600585,CA de Sophia Antipolis,23,Nice,06570,06570,09315,06088,06701,Nice,7.0,UNITE URBAINE,B,3183,726,7,438.0,152,39.0,355.0,43.697,7.122,43.695,7.121,4,Ceintures urbaines,1.0,centres locaux d'équipements et de services,Saint-Paulois,https://fr.wikipedia.org/wiki/fr:Saint-Paul-de-Vence,https://villedereve.fr/ville/06128-saint-paul-de-vence
1995,06129,Saint-Sauveur-sur-Tinée,Saint-Sauveur-sur-Tinée,à Saint-Sauveur-sur-Tinée,de Saint-Sauveur-sur-Tinée,saint-sauveur-sur-tinee,SAINT-SAUVEUR-SUR-TINÉE,COM,commune,93,Provence-Alpes-Côte d'Azur,06,Alpes-Maritimes,0624,Tourrette-Levens,200030195,Métropole Nice Côte d'Azur,23,Nice,06420,06420,09315,06088,06000,,0.0,HORS UNITE URBAINE,H,301,3228,32,9.0,1341,432.0,2708.0,44.083,7.105,44.121,7.118,6,Rural à habitat dispersé,1.0,centres locaux d'équipements et de services,Blavets ou Sansavornins,https://fr.wikipedia.org/wiki/fr:Saint-Sauveur-sur-Tinée,https://villedereve.fr/ville/06129-saint-sauveur-sur-tinee
1996,06130,Saint-Vallier-de-Thiey,Saint-Vallier-de-Thiey,à Saint-Vallier-de-Thiey,de Saint-Vallier-de-Thiey,saint-vallier-de-thiey,SAINT-VALLIER-DE-THIEY,COM,commune,93,Provence-Alpes-Côte d'Azur,06,Alpes-Maritimes,0611,Grasse-1,200039857,CA du Pays de Grasse,23,Nice,06460,06460,09304,06029,06105,Saint-Vallier-de-Thiey,1.0,UNITE URBAINE,I,3667,5216,52,70.0,850,460.0,1485.0,43.699,6.848,43.697,6.851,5,Bourgs ruraux,2.0,centres intermédiaires d'équipements et de services,Vallerois,https://fr.wikipedia.org/wiki/fr:Saint-Vallier-de-Thiey,https://villedereve.fr/ville/06130-saint-vallier-de-thiey
1997,06131,Sallagriffon,Sallagriffon,à Sallagriffon,de Sallagriffon,sallagriffon,SALLAGRIFFON,COM,commune,93,Provence-Alpes-Côte d'Azur,06,Alpes-Maritimes,0626,Vence,200039931,CC Alpes d'Azur,23,Nice,06910,06910,09315,06088,06000,,0.0,HORS UNITE URBAINE,H,47,956,10,5.0,761,557.0,1259.0,43.883,6.906,43.881,6.914,7,Rural à habitat très dispersé,0.0,communes non pôle,Sallagriffonais,https://fr.wikipedia.org/wiki/fr:Sallagriffon,https://villedereve.fr/ville/06131-sallagriffon
1998,06132,Saorge,Saorge,à Saorge,de Saorge,saorge,SAORGE,COM,commune,93,Provence-Alpes-Côte d'Azur,06,Alpes-Maritimes,0610,Contes,240600551,CA de la Riviera Française,23,Nice,06540,06540,09314,06083,06000,,0.0,HORS UNITE URBAINE,H,440,8448,84,5.0,1238,319.0,2680.0,43.988,7.552,43.994,7.538,6,Rural à habitat dispersé,0.0,communes non pôle,Saorgiens,https://fr.wikipedia.org/wiki/fr:Saorge,https://villedereve.fr/ville/06132-saorge
1999,06133,Sauze,Sauze,à Sauze,de Sauze,sauze,SAUZE,COM,commune,93,Provence-Alpes-Côte d'Azur,06,Alpes-Maritimes,0626,Vence,200039931,CC Alpes d'Azur,23,Nice,06470,06470,09315,06088,06000,,0.0,HORS UNITE URBAINE,H,70,2755,28,3.0,1539,780.0,2502.0,44.088,6.836,44.085,6.801,7,Rural à habitat très dispersé,0.0,communes non pôle,Sauzois,https://fr.wikipedia.org/wiki/fr:Sauze,https://villedereve.fr/ville/06133-sauze
2000,06134,Séranon,Séranon,à Séranon,de Séranon,seranon,SÉRANON,COM,commune,93,Provence-Alpes-Côte d'Azur,06,Alpes-Maritimes,0611,Grasse-1,200039857,CA du Pays de Grasse,23,Nice,06750,06750,09304,06029,06000,,0.0,HORS UNITE URBAINE,H,535,2326,23,23.0,1184,1018.0,1712.0,43.774,6.704,43.766,6.69,6,Rural à habitat dispersé,1.0,centres locaux d'équipements et de services,Séranonnais,https://fr.wikipedia.org/wiki/fr:Séranon,https://villedereve.fr/ville/06134-seranon
2001,06135,Sigale,Sigale,à Sigale,de Sigale,sigale,SIGALE,COM,commune,93,Provence-Alpes-Côte d'Azur,06,Alpes-Maritimes,0626,Vence,200039931,CC Alpes d'Azur,23,Nice,06910,06910,09315,06088,06000,,0.0,HORS UNITE URBAINE,H,199,559,6,36.0,639,327.0,1108.0,43.872,6.965,43.876,6.966,6,Rural à habitat dispersé,0.0,communes non pôle,Sigalois,https://fr.wikipedia.org/wiki/fr:Sigale,https://villedereve.fr/ville/06135-sigale
2002,06136,Sospel,Sospel,à Sospel,de Sospel,sospel,SOSPEL,COM,commune,93,Provence-Alpes-Côte d'Azur,06,Alpes-Maritimes,0610,Contes,240600551,CA de la Riviera Française,23,Nice,06380,06380,09314,06083,06106,Sospel,1.0,UNITE URBAINE,I,3803,6245,62,61.0,719,257.0,1778.0,43.877,7.45,43.884,7.448,5,Bourgs ruraux,2.0,centres intermédiaires d'équipements et de services,Sospellois,https://fr.wikipedia.org/wiki/fr:Sospel,https://villedereve.fr/ville/06136-sospel
2003,06137,Spéracèdes,Spéracèdes,à Spéracèdes,de Spéracèdes,speracedes,SPÉRACÈDES,COM,commune,93,Provence-Alpes-Côte d'Azur,06,Alpes-Maritimes,0611,Grasse-1,200039857,CA du Pays de Grasse,23,Nice,06530,06530,09304,06029,06701,Nice,7.0,UNITE URBAINE,B,1176,347,3,339.0,537,204.0,790.0,43.648,6.858,43.652,6.857,4,Ceintures urbaines,1.0,centres locaux d'équipements et de services,Spéracèdois,https://fr.wikipedia.org/wiki/fr:Spéracèdes,https://villedereve.fr/ville/06137-speracedes
2004,06138,Théoule-sur-Mer,Théoule-sur-Mer,à Théoule-sur-Mer,de Théoule-sur-Mer,theoule-sur-mer,THÉOULE-SUR-MER,COM,commune,93,Provence-Alpes-Côte d'Azur,06,Alpes-Maritimes,0613,Mandelieu-la-Napoule,200039915,CA Cannes Pays de Lérins,23,Nice,06590,06590,09304,06029,06701,Nice,7.0,UNITE URBAINE,B,1362,1072,11,127.0,130,0.0,440.0,43.506,6.94,43.498,6.93,6,Rural à habitat dispersé,1.0,centres locaux d'équipements et de services,Théouliens,https://fr.wikipedia.org/wiki/fr:Théoule-sur-Mer,https://villedereve.fr/ville/06138-theoule-sur-mer
2005,06139,Thiéry,Thiéry,à Thiéry,de Thiéry,thiery,THIÉRY,COM,commune,93,Provence-Alpes-Côte d'Azur,06,Alpes-Maritimes,0626,Vence,200039931,CC Alpes d'Azur,23,Nice,06710,06710,09315,06088,06000,,0.0,HORS UNITE URBAINE,H,103,2194,22,5.0,1060,0.0,0.0,43.978,7.03,43.974,7.042,7,Rural à habitat très dispersé,0.0,communes non pôle,,https://fr.wikipedia.org/wiki/fr:Thiéry,https://villedereve.fr/ville/06139-thiery
2006,06140,Le Tignet,Tignet,au Tignet,du Tignet,le-tignet,LE TIGNET,COM,commune,93,Provence-Alpes-Côte d'Azur,06,Alpes-Maritimes,0611,Grasse-1,200039857,CA du Pays de Grasse,23,Nice,06530,"06530, 06532",09304,06029,06701,Nice,7.0,UNITE URBAINE,B,3105,1134,11,274.0,225,30.0,600.0,43.629,6.843,43.624,6.853,4,Ceintures urbaines,1.0,centres locaux d'équipements et de services,Tignetans,https://fr.wikipedia.org/wiki/fr:Le Tignet,https://villedereve.fr/ville/06140-le-tignet
2007,06141,Toudon,Toudon,à Toudon,de Toudon,toudon,TOUDON,COM,commune,93,Provence-Alpes-Côte d'Azur,06,Alpes-Maritimes,0626,Vence,200039931,CC Alpes d'Azur,23,Nice,06830,06830,09315,06088,06000,,0.0,HORS UNITE URBAINE,H,351,1844,18,19.0,859,192.0,1512.0,43.901,7.113,43.892,7.108,6,Rural à habitat dispersé,0.0,communes non pôle,Toudonnais,https://fr.wikipedia.org/wiki/fr:Toudon,https://villedereve.fr/ville/06141-toudon
2008,06142,Touët-de-l'Escarène,Touët-de-l'Escarène,à Touët-de-l'Escarène,de Touët-de-l'Escarène,touet-de-l-escarene,TOUËT-DE-L'ESCARÈNE,COM,commune,93,Provence-Alpes-Côte d'Azur,06,Alpes-Maritimes,0610,Contes,240600593,CC du Pays des Paillons,23,Nice,06440,06440,09315,06088,06000,,0.0,HORS UNITE URBAINE,H,306,462,5,66.0,664,374.0,1080.0,43.848,7.364,43.852,7.378,6,Rural à habitat dispersé,0.0,communes non pôle,Touétois,https://fr.wikipedia.org/wiki/fr:Touët-de-l'Escarène,https://villedereve.fr/ville/06142-touet-de-l-escarene
2009,06143,Touët-sur-Var,Touët-sur-Var,à Touët-sur-Var,de Touët-sur-Var,touet-sur-var,TOUËT-SUR-VAR,COM,commune,93,Provence-Alpes-Côte d'Azur,06,Alpes-Maritimes,0626,Vence,200039931,CC Alpes d'Azur,23,Nice,06710,06710,09315,06088,06000,,0.0,HORS UNITE URBAINE,H,717,1439,14,50.0,543,280.0,1043.0,43.948,7.007,43.943,7.014,6,Rural à habitat dispersé,1.0,centres locaux d'équipements et de services,Touëtans ou Touëtois,https://fr.wikipedia.org/wiki/fr:Touët-sur-Var,https://villedereve.fr/ville/06143-touet-sur-var
2010,06144,La Tour,Tour,à Tour,de la Tour,la-tour,LA TOUR,COM,commune,93,Provence-Alpes-Côte d'Azur,06,Alpes-Maritimes,0626,Vence,200030195,Métropole Nice Côte d'Azur,23,Nice,06420,06420,09315,06088,06000,,0.0,HORS UNITE URBAINE,H,539,3634,36,15.0,849,195.0,1900.0,43.946,7.184,43.963,7.2,6,Rural à habitat dispersé,0.0,communes non pôle,panissiers,https://fr.wikipedia.org/wiki/fr:La Tour (Alpes-Maritimes),https://villedereve.fr/ville/06144-la-tour
2011,06145,Tourette-du-Château,Tourette-du-Château,à Tourette-du-Château,de Tourette-du-Château,tourette-du-chateau,TOURETTE-DU-CHÂTEAU,COM,commune,93,Provence-Alpes-Côte d'Azur,06,Alpes-Maritimes,0626,Vence,200039931,CC Alpes d'Azur,23,Nice,06830,06830,09315,06088,06000,,0.0,HORS UNITE URBAINE,H,142,962,10,15.0,803,276.0,1551.0,43.882,7.143,43.878,7.137,6,Rural à habitat dispersé,0.0,communes non pôle,Tourrettans,https://fr.wikipedia.org/wiki/fr:Tourette-du-Château,https://villedereve.fr/ville/06145-tourette-du-chateau
2012,06146,Tournefort,Tournefort,à Tournefort,de Tournefort,tournefort,TOURNEFORT,COM,commune,93,Provence-Alpes-Côte d'Azur,06,Alpes-Maritimes,0626,Vence,200030195,Métropole Nice Côte d'Azur,23,Nice,06420,06420,09315,06088,06000,,0.0,HORS UNITE URBAINE,H,149,987,10,15.0,477,171.0,1304.0,43.947,7.15,43.941,7.158,7,Rural à habitat très dispersé,0.0,communes non pôle,Tournefortois,https://fr.wikipedia.org/wiki/fr:Tournefort (Alpes-Maritimes),https://villedereve.fr/ville/06146-tournefort
2013,06147,Tourrette-Levens,Tourrette-Levens,à Tourrette-Levens,de Tourrette-Levens,tourrette-levens,TOURRETTE-LEVENS,COM,commune,93,Provence-Alpes-Côte d'Azur,06,Alpes-Maritimes,0624,Tourrette-Levens,200030195,Métropole Nice Côte d'Azur,23,Nice,06690,06690,09315,06088,06701,Nice,7.0,UNITE URBAINE,B,4760,1647,16,289.0,444,160.0,845.0,43.787,7.276,43.786,7.273,4,Ceintures urbaines,2.0,centres intermédiaires d'équipements et de services,Tourrettans,https://fr.wikipedia.org/wiki/fr:Tourrette-Levens,https://villedereve.fr/ville/06147-tourrette-levens
2014,06148,Tourrettes-sur-Loup,Tourrettes-sur-Loup,à Tourrettes-sur-Loup,de Tourrettes-sur-Loup,tourrettes-sur-loup,TOURRETTES-SUR-LOUP,COM,commune,93,Provence-Alpes-Côte d'Azur,06,Alpes-Maritimes,0625,Valbonne,240600585,CA de Sophia Antipolis,23,Nice,06140,06140,09315,06088,06701,Nice,7.0,UNITE URBAINE,B,4092,2935,29,139.0,558,47.0,1246.0,43.716,7.059,43.718,7.04,4,Ceintures urbaines,1.0,centres locaux d'équipements et de services,Tourrettans,https://fr.wikipedia.org/wiki/fr:Tourrettes-sur-Loup,https://villedereve.fr/ville/06148-tourrettes-sur-loup
2015,06149,La Trinité,Trinité,à Trinité,de la Trinité,la-trinite,LA TRINITÉ,COM,commune,93,Provence-Alpes-Côte d'Azur,06,Alpes-Maritimes,0621,Nice-7,200030195,Métropole Nice Côte d'Azur,23,Nice,06340,"06341, 06342, 06340, 06345",09315,06088,06701,Nice,7.0,UNITE URBAINE,B,10276,1489,15,690.0,301,47.0,700.0,43.743,7.314,43.743,7.34,1,Grands centres urbains,2.0,centres intermédiaires d'équipements et de services,Trinitaires,https://fr.wikipedia.org/wiki/fr:La Trinité (Alpes-Maritimes),https://villedereve.fr/ville/06149-la-trinite
2016,06150,La Turbie,Turbie,à Turbie,de la Turbie,la-turbie,LA TURBIE,COM,commune,93,Provence-Alpes-Côte d'Azur,06,Alpes-Maritimes,0604,Beausoleil,240600551,CA de la Riviera Française,23,Nice,06320,06320,09314,06083,06501,Menton-Monaco (partie française),5.0,UNITE URBAINE,B,3015,737,7,409.0,448,146.0,658.0,43.745,7.4,43.745,7.398,4,Ceintures urbaines,1.0,centres locaux d'équipements et de services,Turbiasques,https://fr.wikipedia.org/wiki/fr:La Turbie,https://villedereve.fr/ville/06150-la-turbie
2017,06151,Utelle,Utelle,à Utelle,d'Utelle,utelle,UTELLE,COM,commune,93,Provence-Alpes-Côte d'Azur,06,Alpes-Maritimes,0624,Tourrette-Levens,200030195,Métropole Nice Côte d'Azur,23,Nice,06450,06450,09315,06088,06000,,0.0,HORS UNITE URBAINE,H,844,6789,68,12.0,846,126.0,2080.0,43.919,7.264,43.927,7.239,6,Rural à habitat dispersé,0.0,communes non pôle,Utellois,https://fr.wikipedia.org/wiki/fr:Utelle,https://villedereve.fr/ville/06151-utelle
2018,06152,Valbonne,Valbonne,à Valbonne,de Valbonne,valbonne,VALBONNE,COM,commune,93,Provence-Alpes-Côte d'Azur,06,Alpes-Maritimes,0625,Valbonne,240600585,CA de Sophia Antipolis,23,Nice,06560,"06906, 06901, 06922, 06904, 06905, 06903, 06561, 06902, 06560",09304,06029,06701,Nice,7.0,UNITE URBAINE,B,12754,2002,20,637.0,191,75.0,302.0,43.64,7.008,43.628,7.03,4,Ceintures urbaines,3.0,centres structurants d'équipements et de services,Valbonnais ou Sophipolitains,https://fr.wikipedia.org/wiki/fr:Valbonne,https://villedereve.fr/ville/06152-valbonne
2019,06153,Valdeblore,Valdeblore,à Valdeblore,de Valdeblore,valdeblore,VALDEBLORE,COM,commune,93,Provence-Alpes-Côte d'Azur,06,Alpes-Maritimes,0624,Tourrette-Levens,200030195,Métropole Nice Côte d'Azur,23,Nice,06420,06420,09315,06088,06000,,0.0,HORS UNITE URBAINE,H,835,9295,93,9.0,1915,399.0,2880.0,44.071,7.171,44.113,7.196,6,Rural à habitat dispersé,1.0,centres locaux d'équipements et de services,Valdeblorois,https://fr.wikipedia.org/wiki/fr:Valdeblore,https://villedereve.fr/ville/06153-valdeblore
2020,06154,Valderoure,Valderoure,à Valderoure,de Valderoure,valderoure,VALDEROURE,COM,commune,93,Provence-Alpes-Côte d'Azur,06,Alpes-Maritimes,0611,Grasse-1,200039857,CA du Pays de Grasse,23,Nice,06750,06750,09304,06029,06000,,0.0,HORS UNITE URBAINE,H,495,2519,25,20.0,1174,1027.0,1645.0,43.796,6.707,43.794,6.71,6,Rural à habitat dispersé,1.0,centres locaux d'équipements et de services,Valderourois,https://fr.wikipedia.org/wiki/fr:Valderoure,https://villedereve.fr/ville/06154-valderoure
2021,06155,Vallauris,Vallauris,à Vallauris,de Vallauris,vallauris,VALLAURIS,COM,commune,93,Provence-Alpes-Côte d'Azur,06,Alpes-Maritimes,0601,Antibes-1,240600585,CA de Sophia Antipolis,23,Nice,06220,"06227, 06224, 06902, 06225, 06220",09304,06029,06701,Nice,7.0,UNITE URBAINE,B,28025,1312,13,2136.0,132,0.0,285.0,43.58,7.056,43.577,7.058,1,Grands centres urbains,3.0,centres structurants d'équipements et de services,Vallauriens,https://fr.wikipedia.org/wiki/fr:Vallauris,https://villedereve.fr/ville/06155-vallauris
2022,06156,Venanson,Venanson,à Venanson,de Venanson,venanson,VENANSON,COM,commune,93,Provence-Alpes-Côte d'Azur,06,Alpes-Maritimes,0624,Tourrette-Levens,200030195,Métropole Nice Côte d'Azur,23,Nice,06450,06450,09315,06088,06000,,0.0,HORS UNITE URBAINE,H,185,1793,18,10.0,1424,760.0,2089.0,44.053,7.253,44.041,7.239,6,Rural à habitat dispersé,0.0,communes non pôle,Venansonnois,https://fr.wikipedia.org/wiki/fr:Venanson,https://villedereve.fr/ville/06156-venanson
2023,06157,Vence,Vence,à Vence,de Vence,vence,VENCE,COM,commune,93,Provence-Alpes-Côte d'Azur,06,Alpes-Maritimes,0626,Vence,200030195,Métropole Nice Côte d'Azur,23,Nice,06140,"06141, 06142, 06140, 06143",09315,06088,06701,Nice,7.0,UNITE URBAINE,B,19415,3934,39,494.0,533,40.0,1033.0,43.723,7.114,43.738,7.102,2,Centres urbains intermédiaires,3.0,centres structurants d'équipements et de services,"Vençois, Vençoise",https://fr.wikipedia.org/wiki/fr:Vence,https://villedereve.fr/ville/06157-vence
2024,06158,Villars-sur-Var,Villars-sur-Var,à Villars-sur-Var,de Villars-sur-Var,villars-sur-var,VILLARS-SUR-VAR,COM,commune,93,Provence-Alpes-Côte d'Azur,06,Alpes-Maritimes,0626,Vence,200039931,CC Alpes d'Azur,23,Nice,06710,06710,09315,06088,06000,,0.0,HORS UNITE URBAINE,H,781,2541,25,31.0,768,239.0,1803.0,43.937,7.097,43.952,7.08,5,Bourgs ruraux,1.0,centres locaux d'équipements et de services,Villarois,https://fr.wikipedia.org/wiki/fr:Villars-sur-Var,https://villedereve.fr/ville/06158-villars-sur-var
2025,06159,Villefranche-sur-Mer,Villefranche-sur-Mer,à Villefranche-sur-Mer,de Villefranche-sur-Mer,villefranche-sur-mer,VILLEFRANCHE-SUR-MER,COM,commune,93,Provence-Alpes-Côte d'Azur,06,Alpes-Maritimes,0604,Beausoleil,200030195,Métropole Nice Côte d'Azur,23,Nice,06230,"06231, 06230",09315,06088,06701,Nice,7.0,UNITE URBAINE,B,4989,492,5,1014.0,231,0.0,575.0,43.701,7.311,43.712,7.322,1,Grands centres urbains,2.0,centres intermédiaires d'équipements et de services,Villefranchois,https://fr.wikipedia.org/wiki/fr:Villefranche-sur-Mer,https://villedereve.fr/ville/06159-villefranche-sur-mer
2026,06160,Villeneuve-d'Entraunes,Villeneuve-d'Entraunes,à Villeneuve-d'Entraunes,de Villeneuve-d'Entraunes,villeneuve-d-entraunes,VILLENEUVE-D'ENTRAUNES,COM,commune,93,Provence-Alpes-Côte d'Azur,06,Alpes-Maritimes,0626,Vence,200039931,CC Alpes d'Azur,23,Nice,06470,06470,09315,06088,06000,,0.0,HORS UNITE URBAINE,H,93,2799,28,3.0,1485,858.0,2457.0,44.12,6.796,44.122,6.782,7,Rural à habitat très dispersé,0.0,communes non pôle,Villeneuvois,https://fr.wikipedia.org/wiki/fr:Villeneuve-d'Entraunes,https://villedereve.fr/ville/06160-villeneuve-d-entraunes
2027,06161,Villeneuve-Loubet,Villeneuve-Loubet,à Villeneuve-Loubet,de Villeneuve-Loubet,villeneuve-loubet,VILLENEUVE-LOUBET,COM,commune,93,Provence-Alpes-Côte d'Azur,06,Alpes-Maritimes,0627,Villeneuve-Loubet,240600585,CA de Sophia Antipolis,23,Nice,06270,"06270, 06271, 06272",09315,06088,06701,Nice,7.0,UNITE URBAINE,B,16779,1997,20,840.0,79,0.0,213.0,43.658,7.122,43.649,7.107,1,Grands centres urbains,2.0,centres intermédiaires d'équipements et de services,Villeneuvois,https://fr.wikipedia.org/wiki/fr:Villeneuve-Loubet,https://villedereve.fr/ville/06161-villeneuve-loubet
2028,06162,La Brigue,Brigue,à Brigue,de la Brigue,la-brigue,LA BRIGUE,COM,commune,93,Provence-Alpes-Côte d'Azur,06,Alpes-Maritimes,0610,Contes,240600551,CA de la Riviera Française,23,Nice,06430,06430,09314,06083,06000,,0.0,HORS UNITE URBAINE,H,719,9352,94,8.0,1443,559.0,2650.0,44.063,7.614,44.072,7.652,6,Rural à habitat dispersé,1.0,centres locaux d'équipements et de services,Brigasque,https://fr.wikipedia.org/wiki/fr:La Brigue,https://villedereve.fr/ville/06162-la-brigue
2029,06163,Tende,Tende,à Tende,de Tende,tende,TENDE,COM,commune,93,Provence-Alpes-Côte d'Azur,06,Alpes-Maritimes,0610,Contes,240600551,CA de la Riviera Française,23,Nice,06430,06430,09314,06083,06000,,0.0,HORS UNITE URBAINE,H,2021,17711,177,11.0,1761,552.0,2920.0,44.089,7.593,44.1,7.54,5,Bourgs ruraux,2.0,centres intermédiaires d'équipements et de services,Tendasques,https://fr.wikipedia.org/wiki/fr:Tende (Alpes-Maritimes),https://villedereve.fr/ville/06163-tende
